date,split,factor_return
1967-01-01,train,0.016254041
1967-02-01,train,0.00096189795
1967-03-01,train,0.00042614393
1967-04-01,train,0.00696598
1967-05-01,train,0.009818447
1967-06-01,train,0.0181594
1967-07-01,train,0.025270866
1967-08-01,train,-0.0027255449
1967-09-01,train,0.009806816
1967-10-01,train,0.0002902003
1967-11-01,train,-0.0007441465
1967-12-01,train,0.00074390584
1968-01-01,train,0.0092797605
1968-02-01,train,-0.00546313
1968-03-01,train,-0.0003223935
1968-04-01,train,0.018069874
1968-05-01,train,0.02401017
1968-06-01,train,0.0055709733
1968-07-01,train,-0.00211447
1968-08-01,train,0.005566086
1968-09-01,train,0.016855504
1968-10-01,train,-0.008848208
1968-11-01,train,0.0010336317
1968-12-01,train,0.015341614
1969-01-01,train,0.0039253463
1969-02-01,train,0.0017770571
1969-03-01,train,-0.0013634603
1969-04-01,train,-0.008449743
1969-05-01,train,-0.00812233
1969-06-01,train,-0.005753149
1969-07-01,train,-0.005220715
1969-08-01,train,-0.005757587
1969-09-01,train,-0.014320999
1969-10-01,train,0.01018264
1969-11-01,train,-0.0061998693
1969-12-01,train,-0.0041569504
1970-01-01,train,0.018912934
1970-02-01,train,-0.0018399575
1970-03-01,train,0.0024679122
1970-04-01,train,0.0027215797
1970-05-01,train,0.013742556
1970-06-01,train,-0.013351743
1970-07-01,train,0.0022774325
1970-08-01,train,0.01738987
1970-09-01,train,0.031914122
1970-10-01,train,-0.0008846045
1970-11-01,train,0.0116466
1970-12-01,train,0.01509414
1971-01-01,train,0.018928418
1971-02-01,train,0.0023442032
1971-03-01,train,0.015333596
1971-04-01,train,0.016025158
1971-05-01,train,-0.007951329
1971-06-01,train,-0.0027531113
1971-07-01,train,-0.0044878107
1971-08-01,train,0.008827222
1971-09-01,train,0.0028671848
1971-10-01,train,-0.0058920514
1971-11-01,train,0.004540602
1971-12-01,train,0.010417814
1972-01-01,train,-0.0041984944
1972-02-01,train,-0.0027926567
1972-03-01,train,0.004636322
1972-04-01,train,0.0027909444
1972-05-01,train,-0.0025384063
1972-06-01,train,0.0026268426
1972-07-01,train,-0.0070719835
1972-08-01,train,-0.006772492
1972-09-01,train,-0.003368293
1972-10-01,train,-0.0038696695
1972-11-01,train,-0.012366398
1972-12-01,train,-0.0014608946
1973-01-01,train,0.008432797
1973-02-01,train,-0.0017619614
1973-03-01,train,0.003902893
1973-04-01,train,-0.004284618
1973-05-01,train,0.020908643
1973-06-01,train,0.010561162
1973-07-01,train,0.013496452
1973-08-01,train,0.005818199
1973-09-01,train,0.016134845
1973-10-01,train,0.0061460515
1973-11-01,train,-0.0072209314
1973-12-01,train,-0.006298977
1974-01-01,train,0.014381045
1974-02-01,train,0.010118319
1974-03-01,train,0.002846433
1974-04-01,train,0.0039504115
1974-05-01,train,0.001813635
1974-06-01,train,0.0095273005
1974-07-01,train,0.016138874
1974-08-01,train,0.0032653427
1974-09-01,train,0.0003495848
1974-10-01,train,0.025139237
1974-11-01,train,-0.00020532358
1974-12-01,train,0.00046104265
1975-01-01,train,0.028448284
1975-02-01,train,-0.0010282111
1975-03-01,train,0.0042447792
1975-04-01,train,0.014966838
1975-05-01,train,0.016529204
1975-06-01,train,0.028961526
1975-07-01,train,0.0033976827
1975-08-01,train,0.0021810522
1975-09-01,train,0.007585364
1975-10-01,train,0.0020403555
1975-11-01,train,0.0015568964
1975-12-01,train,0.0151334
1976-01-01,train,0.02901977
1976-02-01,train,0.007308147
1976-03-01,train,0.0012326789
1976-04-01,train,0.006452863
1976-05-01,train,0.004310648
1976-06-01,train,0.0087290965
1976-07-01,train,0.00465262
1976-08-01,train,-0.00390809
1976-09-01,train,-0.0002936612
1976-10-01,train,0.007214174
1976-11-01,train,0.011469862
1976-12-01,train,0.0046075485
1977-01-01,train,0.021565532
1977-02-01,train,0.0054284413
1977-03-01,train,0.0023921775
1977-04-01,train,0.008713349
1977-05-01,train,0.0048839785
1977-06-01,train,0.004897874
1977-07-01,train,-0.001651983
1977-08-01,train,0.001315405
1977-09-01,train,0.0038577127
1977-10-01,train,-0.003906256
1977-11-01,train,0.012479563
1977-12-01,train,0.0010482316
1978-01-01,train,0.009946845
1978-02-01,train,0.012614892
1978-03-01,train,0.0076908534
1978-04-01,train,0.013350527
1978-05-01,train,0.012381914
1978-06-01,train,0.0049379007
1978-07-01,train,0.0031518713
1978-08-01,train,0.015489263
1978-09-01,train,0.0025796867
1978-10-01,train,-0.0046190666
1978-11-01,train,0.016070314
1978-12-01,train,0.0003396806
1979-01-01,train,0.0035173744
1979-02-01,train,0.00011342339
1979-03-01,train,0.002274866
1979-04-01,train,0.009698451
1979-05-01,train,0.002967767
1979-06-01,train,-0.0019174358
1979-07-01,train,0.00869393
1979-08-01,train,0.008581148
1979-09-01,train,0.0037688408
1979-10-01,train,0.00040765526
1979-11-01,train,0.0019532037
1979-12-01,train,0.014341023
1980-01-01,train,0.010361968
1980-02-01,train,-0.0068251356
1980-03-01,train,-0.030852858
1980-04-01,train,0.00987595
1980-05-01,train,0.013802688
1980-06-01,train,0.0081678
1980-07-01,train,0.022051767
1980-08-01,train,0.01825719
1980-09-01,train,0.0056810617
1980-10-01,train,0.013392215
1980-11-01,train,0.0045146407
1980-12-01,train,-0.009672524
1981-01-01,train,0.019896504
1981-02-01,train,0.00060617476
1981-03-01,train,0.006925667
1981-04-01,train,0.008492805
1981-05-01,train,-0.0032236718
1981-06-01,train,0.007625206
1981-07-01,train,0.0026283523
1981-08-01,train,-0.0062533463
1981-09-01,train,0.0072384547
1981-10-01,train,0.014699008
1981-11-01,train,0.0042834193
1981-12-01,train,0.0042502754
1982-01-01,train,0.00198494
1982-02-01,train,-0.0035003892
1982-03-01,train,0.004312324
1982-04-01,train,0.004058902
1982-05-01,train,-0.00589868
1982-06-01,train,0.0037424879
1982-07-01,train,0.003019268
1982-08-01,train,0.012542442
1982-09-01,train,0.011301616
1982-10-01,train,0.023461007
1982-11-01,train,0.0041064424
1982-12-01,train,0.003221552
1983-01-01,train,0.011211699
1983-02-01,train,0.018377498
1983-03-01,train,0.008923909
1983-04-01,train,0.011778724
1983-05-01,train,0.011404323
1983-06-01,train,0.008546147
1983-07-01,train,0.0018370519
1983-08-01,train,0.005992731
1983-09-01,train,0.0029872789
1983-10-01,train,-0.00017313905
1983-11-01,train,0.0074200514
1983-12-01,train,0.00020529814
1984-01-01,train,0.001955845
1984-02-01,train,0.0051651634
1984-03-01,train,0.003067469
1984-04-01,train,0.0070696436
1984-05-01,train,0.0022033153
1984-06-01,train,0.008357141
1984-07-01,train,0.0051824204
1984-08-01,train,0.012599455
1984-09-01,train,-0.0015025547
1984-10-01,train,0.012335668
1984-11-01,train,-0.00027591593
1984-12-01,train,0.0058636507
1985-01-01,train,0.014534079
1985-02-01,train,0.007443031
1985-03-01,train,0.009019127
1985-04-01,train,0.00044464806
1985-05-01,train,0.011688492
1985-06-01,train,0.0003837018
1985-07-01,train,0.004708259
1985-08-01,train,-0.0004854558
1985-09-01,train,0.003349415
1985-10-01,train,0.0076664817
1985-11-01,train,0.01173762
1985-12-01,train,0.011018472
1986-01-01,train,0.011310083
1986-02-01,train,0.0084764
1986-03-01,train,0.01140549
1986-04-01,train,0.001841305
1986-05-01,train,0.009723966
1986-06-01,train,0.006932429
1986-07-01,train,-0.00039284985
1986-08-01,train,0.0071474216
1986-09-01,train,0.0036196245
1986-10-01,train,0.0109826615
1986-11-01,train,0.007427833
1986-12-01,train,0.0010185834
1987-01-01,validation,0.005269529
1987-02-01,validation,0.008944615
1987-03-01,validation,0.005813721
1987-04-01,validation,0.005745223
1987-05-01,validation,-0.012555346
1987-06-01,validation,0.0049553965
1987-07-01,validation,0.0053024157
1987-08-01,validation,0.013099312
1987-09-01,validation,-0.0066815945
1987-10-01,validation,-0.0144086825
1987-11-01,validation,0.0011837741
1987-12-01,validation,0.006086798
1988-01-01,validation,-0.0141333435
1988-02-01,validation,0.01628488
1988-03-01,validation,0.0011254582
1988-04-01,validation,-0.0018011724
1988-05-01,validation,0.0035848645
1988-06-01,validation,0.01225423
1988-07-01,validation,-0.003321165
1988-08-01,validation,-0.0055459393
1988-09-01,validation,0.011974853
1988-10-01,validation,0.0034858428
1988-11-01,validation,-0.0005910401
1988-12-01,validation,0.011675992
1989-01-01,validation,0.0009027465
1989-02-01,validation,0.0013454261
1989-03-01,validation,0.0008374051
1989-04-01,validation,0.00601421
1989-05-01,validation,0.013188078
1989-06-01,validation,-0.0016869416
1989-07-01,validation,0.01356091
1989-08-01,validation,0.0061694286
1989-09-01,validation,-0.0074306536
1989-10-01,validation,-0.0058260732
1989-11-01,validation,-0.0013717317
1989-12-01,validation,-0.0028786724
1990-01-01,validation,-0.04505306
1990-02-01,validation,0.00019048329
1990-03-01,validation,0.016850637
1990-04-01,validation,-0.0034618622
1990-05-01,validation,0.011205407
1990-06-01,validation,-0.0094184475
1990-07-01,validation,-0.006110533
1990-08-01,validation,-0.033247903
1990-09-01,validation,-0.018307144
1990-10-01,validation,-0.0025271154
1990-11-01,validation,0.029391218
1990-12-01,validation,0.010695127
1991-01-01,validation,0.025026815
1991-02-01,validation,0.035793193
1991-03-01,validation,0.00926047
1991-04-01,validation,-0.012081181
1991-05-01,validation,0.0099041695
1991-06-01,validation,-0.008559095
1991-07-01,validation,0.014093613
1991-08-01,validation,-0.0020068826
1991-09-01,validation,-0.0063776686
1991-10-01,validation,-0.0051409337
1991-11-01,validation,-0.0071685356
1991-12-01,validation,0.03272068
1992-01-01,test,0.025920494
1992-02-01,test,0.012733326
1992-03-01,test,0.0026325134
1992-04-01,test,-0.0005269588
1992-05-01,test,-0.002246204
1992-06-01,test,-0.013926421
1992-07-01,test,0.018845612
1992-08-01,test,-0.00088728964
1992-09-01,test,0.0040894183
1992-10-01,test,0.008024265
1992-11-01,test,0.025574237
1992-12-01,test,0.026389625
1993-01-01,test,0.008785268
1993-02-01,test,-0.0031188326
1993-03-01,test,-0.00079619826
1993-04-01,test,-0.009840824
1993-05-01,test,0.005568222
1993-06-01,test,-0.005010345
1993-07-01,test,0.007490835
1993-08-01,test,0.013524145
1993-09-01,test,0.006635056
1993-10-01,test,0.013563489
1993-11-01,test,0.0042100656
1993-12-01,test,0.013326998
1994-01-01,test,0.01035854
1994-02-01,test,0.005838249
1994-03-01,test,-0.0060125333
1994-04-01,test,0.0053701648
1994-05-01,test,-0.005100868
1994-06-01,test,-0.008323718
1994-07-01,test,0.0012309812
1994-08-01,test,0.010828172
1994-09-01,test,-0.0035788435
1994-10-01,test,0.0013467137
1994-11-01,test,-0.0030834465
1994-12-01,test,0.00610769
1995-01-01,test,0.0064703273
1995-02-01,test,0.014855576
1995-03-01,test,0.00046079504
1995-04-01,test,0.0115991635
1995-05-01,test,-0.003679543
1995-06-01,test,0.011493576
1995-07-01,test,0.008889868
1995-08-01,test,-0.0032830972
1995-09-01,test,0.0019735144
1995-10-01,test,-0.0076211444
1995-11-01,test,-0.0017031663
1995-12-01,test,-0.015459345
1996-01-01,test,0.0040943604
1996-02-01,test,0.004181432
1996-03-01,test,0.0072181346
1996-04-01,test,0.004021741
1996-05-01,test,0.012697646
1996-06-01,test,0.0033584535
1996-07-01,test,-0.0034030078
1996-08-01,test,0.019446354
1996-09-01,test,0.0095757935
1996-10-01,test,-0.0029672114
1996-11-01,test,0.006927612
1996-12-01,test,-0.0016798938
1997-01-01,test,0.021942915
1997-02-01,test,0.008673282
1997-03-01,test,0.00041253216
1997-04-01,test,0.0028838543
1997-05-01,test,0.024046738
1997-06-01,test,0.017453002
1997-07-01,test,0.010795294
1997-08-01,test,0.0019061688
1997-09-01,test,0.011862614
1997-10-01,test,-0.0058809444
1997-11-01,test,0.012576704
1997-12-01,test,0.0020234229
1998-01-01,test,0.00854329
1998-02-01,test,0.014467228
1998-03-01,test,0.0067258934
1998-04-01,test,0.006363668
1998-05-01,test,-0.004045125
1998-06-01,test,0.0009835765
1998-07-01,test,-0.011263188
1998-08-01,test,-0.0010864914
1998-09-01,test,0.007292781
1998-10-01,test,0.034278918
1998-11-01,test,0.011912931
1998-12-01,test,0.014449612
1999-01-01,test,-0.008570926
1999-02-01,test,-0.007540488
1999-03-01,test,0.012883368
1999-04-01,test,0.012357576
1999-05-01,test,0.0026230738
1999-06-01,test,0.018659044
1999-07-01,test,0.005595644
1999-08-01,test,-0.0099663045
1999-09-01,test,-0.008855689
1999-10-01,test,-0.00032348937
1999-11-01,test,0.008619387
1999-12-01,test,-0.007860716
2000-01-01,test,-0.008127057
2000-02-01,test,-0.051738426
2000-03-01,test,0.033429407
2000-04-01,test,0.023714874
2000-05-01,test,-0.025503691
2000-06-01,test,0.028534012
2000-07-01,test,0.010506545
2000-08-01,test,-0.002731587
2000-09-01,test,-0.009072401
2000-10-01,test,0.011445622
2000-11-01,test,-0.014847086
2000-12-01,test,0.008055097
2001-01-01,test,0.055187106
2001-02-01,test,0.005552629
2001-03-01,test,0.009246696
2001-04-01,test,0.02172965
2001-05-01,test,0.015595599
2001-06-01,test,0.0008218047
2001-07-01,test,0.005680558
2001-08-01,test,-0.0038672397
2001-09-01,test,-0.02904873
2001-10-01,test,0.012546502
2001-11-01,test,0.04070219
2001-12-01,test,0.013585747
2002-01-01,test,0.010251036
2002-02-01,test,-0.0057704956
2002-03-01,test,0.026038079
2002-04-01,test,0.007557239
2002-05-01,test,-0.0022020126
2002-06-01,test,-0.011139309
2002-07-01,test,-0.0026406306
2002-08-01,test,0.0044857115
2002-09-01,test,0.011159104
2002-10-01,test,-0.0060929656
2002-11-01,test,-0.0015043229
2002-12-01,test,0.019813927
2003-01-01,test,-0.02008144
2003-02-01,test,-0.012796656
2003-03-01,test,-0.0035194855
2003-04-01,test,0.012500743
2003-05-01,test,-0.010074782
2003-06-01,test,0.0018220205
2003-07-01,test,0.0017526903
2003-08-01,test,0.024406038
2003-09-01,test,-0.008048875
2003-10-01,test,0.019193364
2003-11-01,test,0.00290784
2003-12-01,test,0.0112124765
2004-01-01,test,-0.002564271
2004-02-01,test,-0.0018881651
2004-03-01,test,0.0084976535
2004-04-01,test,-0.0035021896
2004-05-01,test,-0.002903533
2004-06-01,test,0.004048226
2004-07-01,test,0.0045508374
2004-08-01,test,0.005670493
2004-09-01,test,0.0015788627
2004-10-01,test,-0.008684946
2004-11-01,test,0.016004015
2004-12-01,test,-0.009962104
2005-01-01,test,0.00554736
2005-02-01,test,0.01047985
2005-03-01,test,0.001984944
2005-04-01,test,-0.0042223353
2005-05-01,test,0.011601447
2005-06-01,test,0.003789861
2005-07-01,test,0.0023570585
2005-08-01,test,-0.0053672623
2005-09-01,test,-0.0023553541
2005-10-01,test,-0.00043968836
2005-11-01,test,0.005681198
2005-12-01,test,-0.0019854114
2006-01-01,test,0.0023293204
2006-02-01,test,-0.0030401854
2006-03-01,test,-0.0012415296
2006-04-01,test,0.009048846
2006-05-01,test,0.0028279936
2006-06-01,test,0.004023671
2006-07-01,test,-0.0025821414
2006-08-01,test,-0.0029420746
2006-09-01,test,0.0004931033
2006-10-01,test,0.00559912
2006-11-01,test,0.0046341233
2006-12-01,test,0.0023223513
2007-01-01,test,0.0018368418
2007-02-01,test,0.0016656133
2007-03-01,test,-0.00095343054
2007-04-01,test,0.004110801
2007-05-01,test,0.00723904
2007-06-01,test,-0.0037587797
2007-07-01,test,-0.007872136
2007-08-01,test,0.0055561606
2007-09-01,test,-0.007035975
2007-10-01,test,-0.0065753465
2007-11-01,test,0.0007013676
2007-12-01,test,0.0008064366
2008-01-01,test,-0.019057509
2008-02-01,test,-0.0071921246
2008-03-01,test,0.013647044
2008-04-01,test,0.010922668
2008-05-01,test,0.008857566
2008-06-01,test,-0.021228978
2008-07-01,test,0.015269641
2008-08-01,test,0.005925975
2008-09-01,test,-0.0052680704
2008-10-01,test,-0.042254407
2008-11-01,test,-0.006313921
2008-12-01,test,0.03068681
2009-01-01,test,-0.049321923
2009-02-01,test,-0.023610495
2009-03-01,test,0.02896337
2009-04-01,test,0.069907606
2009-05-01,test,0.010538055
2009-06-01,test,-0.011822343
2009-07-01,test,0.032851283
2009-08-01,test,-0.0018075746
2009-09-01,test,0.0068914033
2009-10-01,test,-0.010374799
2009-11-01,test,0.012978001
2009-12-01,test,0.022035584
2010-01-01,test,-0.004745805
2010-02-01,test,0.011344166
2010-03-01,test,0.022985507
2010-04-01,test,0.0039597573
2010-05-01,test,-0.012255087
2010-06-01,test,-0.026082167
2010-07-01,test,0.022260828
2010-08-01,test,-0.015545855
2010-09-01,test,0.015141084
2010-10-01,test,-0.0043026814
2010-11-01,test,0.0063095046
2010-12-01,test,0.0041489145
2011-01-01,test,0.002030397
2011-02-01,test,0.0026214304
2011-03-01,test,0.007005501
2011-04-01,test,0.0070199557
2011-05-01,test,-0.0024347636
2011-06-01,test,-0.0013780234
2011-07-01,test,0.0036563817
2011-08-01,test,-0.01595084
2011-09-01,test,-0.015022396
2011-10-01,test,0.041234136
2011-11-01,test,-0.0015805864
2011-12-01,test,0.0033267767
2012-01-01,test,0.020596331
2012-02-01,test,0.006417921
2012-03-01,test,0.0004451702
2012-04-01,test,-0.004200909
2012-05-01,test,-0.00429908
2012-06-01,test,0.0052027586
2012-07-01,test,0.005468361
2012-08-01,test,0.013751412
2012-09-01,test,0.0069061466
2012-10-01,test,0.010562867
2012-11-01,test,0.009411628
2012-12-01,test,0.008067669
2013-01-01,test,0.017120462
2013-02-01,test,0.005555963
2013-03-01,test,0.0012650689
2013-04-01,test,0.002891152
2013-05-01,test,0.0076971003
2013-06-01,test,-0.0072234836
2013-07-01,test,0.0009007563
2013-08-01,test,-0.006492228
2013-09-01,test,0.0079515865
2013-10-01,test,0.0028969212
2013-11-01,test,0.0016090978
2013-12-01,test,0.002845777
2014-01-01,test,-0.0139257
2014-02-01,test,0.00061976176
2014-03-01,test,0.008245178
2014-04-01,test,-0.0032095867
2014-05-01,test,-0.00093565084
2014-06-01,test,-0.0030718567
2014-07-01,test,-0.00029086892
2014-08-01,test,0.0023139955
2014-09-01,test,-0.014768906
2014-10-01,test,0.011280122
2014-11-01,test,-0.00984354
2014-12-01,test,-0.015360184
2015-01-01,test,-0.015137293
2015-02-01,test,0.025199566
2015-03-01,test,0.0029409926
2015-04-01,test,0.005934911
2015-05-01,test,0.0005698241
2015-06-01,test,0.0070447247
2015-07-01,test,-0.02812868
2015-08-01,test,0.004598958
2015-09-01,test,-0.017717808
2015-10-01,test,0.008912897
2015-11-01,test,-0.0056545325
2015-12-01,test,-0.0064187567
2016-01-01,test,-0.012921627
2016-02-01,test,-0.00048656767
2016-03-01,test,0.03548366
2016-04-01,test,-0.0106894635
2016-05-01,test,0.002883807
2016-06-01,test,0.011670614
2016-07-01,test,0.02125146
2016-08-01,test,0.013829699
2016-09-01,test,0.00041209842
2016-10-01,test,0.0023538326
2016-11-01,test,0.031170392
2016-12-01,test,0.0085867
