characteristic,GAN_normalized_importance,GAN_rank,FFN_normalized_importance,FFN_rank,EN_normalized_importance,EN_rank,LS_normalized_importance,LS_rank
a2me,0.0162303167644928,35,0.0198713532299706,19,0.0053828716580665,44,0.024004163524654426,13
ac,0.0209279520607443,13,0.0158339148361532,38,0.0074318590664627,37,0.007031267669465003,42
at,0.0249246961219927,8,0.0230601603535424,12,0.0312305736712177,7,0.012393807512244885,31
ato,0.0195425325734821,17,0.0179357380484753,32,0.0166478374403041,21,0.025093715411549665,11
beme,0.0174648932440001,30,0.0183041650739585,29,0.008865241280357,35,0.02309456169082238,16
beta,0.0262368479367513,5,0.0247941468114799,8,0.0144521529977074,24,0.016485279608688067,24
c,0.0190970627481158,22,0.0122999516406779,46,0.0272216613591242,12,0.018576373645469404,20
cf,0.0194317693402661,18,0.0126842991465355,45,0.0283832255178887,11,0.004351427764927625,44
cf2p,0.0236198280312274,11,0.0234569782212417,11,0.0295057507618685,8,0.0116619989598155,34
cto,0.0136310131616813,44,0.0183530187515928,28,0.0128040738221714,27,0.012500893509746465,30
d2a,0.0405168931343656,4,0.0137115569242679,44,0.0161341876155265,22,0.014741606677881712,25
d2p,0.0254856801918048,7,0.0181568615402816,31,0.0350073592843118,6,0.008586901222046903,41
dpi2a,0.022632048116671,12,0.018360260552695,27,0.0229996746600589,17,0.031186538526316056,9
e2p,0.0191024022136645,21,0.0204468869461523,15,0.0115937846096338,29,0.026023498813114426,10
fc2y,0.0135243464801337,46,0.0185200028637111,26,0.0064372839661244,42,0.057696639045981865,2
idiovol,0.0165948162265674,33,0.0196798034230837,21,0.012042806055,28,0.03341825163354115,8
investment,0.0136073342770593,45,0.0157991732263651,39,0.020506907576805,19,0.024081404276844073,12
lev,0.0159718339890655,36,0.0162179622060228,36,0.0109666054621482,31,0.01944136988692318,18
lme,0.0238018953596827,10,0.0276236677465333,6,0.0440510867009278,4,0.018372467202904707,21
lt_rev,0.0176239844961741,29,0.0211987999380873,14,0.0153048741998527,23,0.0036751549928370794,45
lturnover,0.0201644561381702,14,0.024798395183625,7,0.0217414783293339,18,0.013932893442894506,29
mktbeta,0.0179567848418384,26,0.0149373410611151,41,0.0072846128491375,38,0.00889957973494198,40
ni,0.015167917533086,42,0.0186158369232762,24,0.0255042178270982,14,0.005703024388974243,43
noa,0.0255077401470324,6,0.0148350123131692,42,0.0430788900718712,5,0.023497907101253133,14
oa,0.016640999141008,32,0.0145490179436193,43,0.0134348603955766,26,0.01661293504132079,23
ol,0.0154799584688951,40,0.0192854125410303,22,0.0099970040234705,33,0.038790859510649804,7
op,0.019187048899287,19,0.0160515074198846,37,0.0096725782127673,34,0.016641343368929116,22
pcm,0.0154687583918131,41,0.0164636686830669,35,0.0287872120775914,9,0.010705496009313703,37
pm,0.0198180969845948,15,0.0153282356143646,40,0.0268135504873047,13,0.03886084593323517,6
prof,0.0156356992111664,39,0.0176971892073664,33,0.0050671452872553,45,0.009131879694753093,39
q,0.0177732143481624,28,0.0192147433681182,23,0.0072744327862293,39,0.018777762919948444,19
r12_2,0.0443174410432085,3,0.0327650803449929,3,0.0447423261651236,3,0.012229789375652278,33
r12_7,0.0240645099371729,9,0.0197611399718117,20,0.0248111697733447,15,0.0123079877449869,32
r2_1,0.0195907530445537,16,0.0293059879314441,4,0.0102789331405087,32,0.0033304718637242516,46
r36_13,0.0179179837212053,27,0.0185933050003973,25,0.0285013409679761,10,0.02348064477084842,15
rel2high,0.0139116840240488,43,0.0201438554821301,17,0.0136319853753597,25,0.01121977416358448,36
resid_var,0.0191095807822171,20,0.0286578231170238,5,0.024596165767793,16,0.10990422166722758,1
rna,0.0180930306336008,25,0.0203136057869834,16,0.0077478189755787,36,0.014496064073015066,27
roa,0.0158012026444846,37,0.0225586411507812,13,0.0068334202250704,40,0.04814927645198405,4
roe,0.0187728389252648,23,0.0181808135001433,30,0.0112470517349698,30,0.02051958364782442,17
s2p,0.0166756263346442,31,0.0198923697160718,18,0.005529800177223,43,0.009750430236665346,38
sga2s,0.0156983724554036,38,0.0175497567133676,34,0.0022992759777763,46,0.05261612304964067,3
spread,0.0164373763420257,34,0.0242683105727365,9,0.0067154167660296,41,0.011296664578389085,35
st_rev,0.0876189280257388,1,0.0899427085540457,1,0.1484970365718945,1,0.014649170557698455,26
suv,0.0447653202756359,2,0.0464113530021358,2,0.0712535582500084,2,0.014209779894894624,28
variance,0.0184565312377968,24,0.0235701874164686,10,0.0176889000781482,20,0.04786816920187554,5
