characteristic,mean_absolute_gradient,normalized_importance
st_rev,0.0653068460921063,0.0876189280257388
suv,0.0333658713633885,0.0447653202756359
r12_2,0.0330320441783379,0.0443174410432085
d2a,0.030199302407341,0.0405168931343656
beta,0.0195556579925753,0.0262368479367513
noa,0.0190122168517096,0.0255077401470324
d2p,0.0189957744444204,0.0254856801918048
at,0.0185776444680233,0.0249246961219927
r12_7,0.017936503928549,0.0240645099371729
lme,0.0177407639191681,0.0238018953596827
cf2p,0.0176050598736411,0.0236198280312274
dpi2a,0.016868817233993,0.022632048116671
ac,0.0155986677199762,0.0209279520607443
lturnover,0.0150295953536394,0.0201644561381702
pm,0.0147714362498383,0.0198180969845948
r2_1,0.0146019852415141,0.0195907530445537
ato,0.0145660440704257,0.0195425325734821
cf,0.0144834865958332,0.0194317693402661
op,0.0143010839970487,0.019187048899287
resid_var,0.0142433430669492,0.0191095807822171
e2p,0.0142379925144808,0.0191024022136645
c,0.0142340127390753,0.0190970627481158
roe,0.0139923522237572,0.0187728389252648
variance,0.0137565920070019,0.0184565312377968
rna,0.0134856565077037,0.0180930306336008
mktbeta,0.0133841055853881,0.0179567848418384
r36_13,0.0133551851355437,0.0179179837212053
q,0.0132472811543242,0.0177732143481624
lt_rev,0.0131360525511475,0.0176239844961741
beme,0.0130174737445535,0.0174648932440001
s2p,0.0124291929502512,0.0166756263346442
oa,0.0124033835406139,0.016640999141008
idiovol,0.0123689610641763,0.0165948162265674
spread,0.0122516131059189,0.0164373763420257
a2me,0.0120972810652682,0.0162303167644928
lev,0.0119046206982373,0.0159718339890655
roa,0.0117774404734831,0.0158012026444846
sga2s,0.0117007959004068,0.0156983724554036
prof,0.0116540823419587,0.0156356992111664
ol,0.0115380008409069,0.0154799584688951
pcm,0.011529652853472,0.0154687583918131
ni,0.011305420851303,0.015167917533086
rel2high,0.0103690860857563,0.0139116840240488
cto,0.0101598878083499,0.0136310131616813
investment,0.0101422387305937,0.0136073342770593
fc2y,0.0100803837021945,0.0135243464801337
