architecture,seed,stage,epoch,loss
LSTM,44,1,1,0.3041399121284485
LSTM,44,1,2,0.24444539844989777
LSTM,44,1,3,0.1905004382133484
LSTM,44,1,4,0.14372481405735016
LSTM,44,1,5,0.10315779596567154
LSTM,44,1,6,0.06929327547550201
LSTM,44,1,7,0.04196219518780708
LSTM,44,1,8,0.021499328315258026
LSTM,44,1,9,0.00796594750136137
LSTM,44,1,10,0.0013865623623132706
LSTM,44,1,11,0.001335991662926972
LSTM,44,1,12,0.0065213944762945175
LSTM,44,1,13,0.013678785413503647
LSTM,44,1,14,0.02043343335390091
LSTM,44,1,15,0.025118744000792503
LSTM,44,1,16,0.025986839085817337
LSTM,44,1,17,0.024603091180324554
LSTM,44,1,18,0.020779477432370186
LSTM,44,1,19,0.01620546169579029
LSTM,44,1,20,0.01142114493995905
LSTM,44,1,21,0.007448332849889994
LSTM,44,1,22,0.004247908014804125
LSTM,44,1,23,0.0019540342036634684
LSTM,44,1,24,0.0007427288801409304
LSTM,44,1,25,0.00023513437190558761
LSTM,44,1,26,0.0003455373807810247
LSTM,44,1,27,0.0008313789148814976
LSTM,44,1,28,0.001515046926215291
LSTM,44,1,29,0.0022573894821107388
LSTM,44,1,30,0.002879149978980422
LSTM,44,1,31,0.0033672272693365812
LSTM,44,1,32,0.0036245035007596016
LSTM,44,1,33,0.00368680851534009
LSTM,44,1,34,0.0035284501500427723
LSTM,44,1,35,0.0031640534289181232
LSTM,44,1,36,0.0026990515179932117
LSTM,44,1,37,0.0022166050039231777
LSTM,44,1,38,0.0016354374820366502
LSTM,44,1,39,0.0011727481614798307
LSTM,44,1,40,0.000741081137675792
LSTM,44,1,41,0.0004464468511287123
LSTM,44,1,42,0.00023324298672378063
LSTM,44,1,43,0.00014566253230441362
LSTM,44,1,44,0.00014252439723350108
LSTM,44,1,45,0.0002141080767614767
LSTM,44,1,46,0.000348847039276734
LSTM,44,1,47,0.00048031576443463564
LSTM,44,1,48,0.0006004006136208773
LSTM,44,1,49,0.000679826713167131
LSTM,44,1,50,0.0007309950888156891
LSTM,44,1,51,0.0007302786689251661
LSTM,44,1,52,0.0006788065657019615
LSTM,44,1,53,0.000574647739995271
LSTM,44,1,54,0.0004775587876792997
LSTM,44,1,55,0.00037958513712510467
LSTM,44,1,56,0.00027550713275559247
LSTM,44,1,57,0.00020838843192905188
LSTM,44,1,58,0.00015092080866452307
LSTM,44,1,59,0.0001236719253938645
LSTM,44,1,60,0.00012099581363145262
LSTM,44,1,61,0.00013822110486216843
LSTM,44,1,62,0.00015792271005921066
LSTM,44,1,63,0.00018538687436375767
LSTM,44,1,64,0.00021319993538782
LSTM,44,2,1,5.163887544767931e-05
LSTM,44,2,2,5.917848102399148e-05
LSTM,44,2,3,6.81182646076195e-05
LSTM,44,2,4,7.856393494876102e-05
LSTM,44,2,5,9.062985918717459e-05
LSTM,44,2,6,0.00010444218060001731
LSTM,44,2,7,0.00012013497325824574
LSTM,44,2,8,0.00013784707698505372
LSTM,44,2,9,0.00015772905317135155
LSTM,44,2,10,0.0001799474557628855
LSTM,44,2,11,0.00020468990260269493
LSTM,44,2,12,0.0002321769716218114
LSTM,44,2,13,0.000262661196757108
LSTM,44,2,14,0.0002964149753097445
LSTM,44,2,15,0.0003337323432788253
LSTM,44,2,16,0.00037493676063604653
LSTM,44,3,1,0.0004062691587023437
LSTM,44,3,2,0.0007345183403231204
LSTM,44,3,3,0.0003099557652603835
LSTM,44,3,4,0.00024461111752316356
LSTM,44,3,5,0.0004124891711398959
LSTM,44,3,6,0.00030904333107173443
LSTM,44,3,7,0.0001450515555916354
LSTM,44,3,8,0.00014790191198699176
LSTM,44,3,9,0.0002450443571433425
LSTM,44,3,10,0.00022890330001246184
LSTM,44,3,11,0.00012779132521245629
LSTM,44,3,12,9.716620843391865e-05
LSTM,44,3,13,0.00013612335897050798
LSTM,44,3,14,0.00017921395192388445
LSTM,44,3,15,0.00014960138651076704
LSTM,44,3,16,0.00010506922262720764
LSTM,44,3,17,8.868115401128307e-05
LSTM,44,3,18,0.00011392721353331581
LSTM,44,3,19,0.00013201656111050397
LSTM,44,3,20,0.0001019676128635183
LSTM,44,3,21,8.00791458459571e-05
LSTM,44,3,22,7.942724914755672e-05
LSTM,44,3,23,8.902260015020147e-05
LSTM,44,3,24,9.38827361096628e-05
LSTM,44,3,25,7.221059058792889e-05
LSTM,44,3,26,5.7806835684459656e-05
LSTM,44,3,27,6.770681648049504e-05
LSTM,44,3,28,7.418405584758148e-05
LSTM,44,3,29,6.665629189228639e-05
LSTM,44,3,30,5.573491216637194e-05
LSTM,44,3,31,5.143224188941531e-05
LSTM,44,3,32,6.197531911311671e-05
LSTM,44,3,33,5.976394095341675e-05
LSTM,44,3,34,5.4785297834314406e-05
LSTM,44,3,35,4.4527525460580364e-05
LSTM,44,3,36,4.89102749270387e-05
LSTM,44,3,37,5.250616595731117e-05
LSTM,44,3,38,5.139775021234527e-05
LSTM,44,3,39,4.382472616271116e-05
LSTM,44,3,40,4.476004687603563e-05
LSTM,44,3,41,4.6771951019763947e-05
LSTM,44,3,42,4.60030059912242e-05
LSTM,44,3,43,4.281577275833115e-05
LSTM,44,3,44,3.82291545975022e-05
LSTM,44,3,45,4.242970680934377e-05
LSTM,44,3,46,4.1253802919527516e-05
LSTM,44,3,47,3.807925168075599e-05
LSTM,44,3,48,3.552260750439018e-05
LSTM,44,3,49,3.6349145375424996e-05
LSTM,44,3,50,3.872473826049827e-05
LSTM,44,3,51,3.713500336743891e-05
LSTM,44,3,52,3.409251803532243e-05
LSTM,44,3,53,3.364370786584914e-05
LSTM,44,3,54,3.207741247024387e-05
LSTM,44,3,55,3.497256329865195e-05
LSTM,44,3,56,3.1031242542667314e-05
LSTM,44,3,57,3.01615109492559e-05
LSTM,44,3,58,3.1881703762337565e-05
LSTM,44,3,59,2.9666955015272833e-05
LSTM,44,3,60,3.090024256380275e-05
LSTM,44,3,61,2.8467273295973428e-05
LSTM,44,3,62,2.8338517950032838e-05
LSTM,44,3,63,2.9284738047863357e-05
LSTM,44,3,64,2.8833981559728272e-05
LSTM,44,3,65,2.866567410819698e-05
LSTM,44,3,66,2.6863741368288174e-05
LSTM,44,3,67,2.8720687623717822e-05
LSTM,44,3,68,2.594446050352417e-05
LSTM,44,3,69,2.7217334718443453e-05
LSTM,44,3,70,2.6455596525920555e-05
LSTM,44,3,71,2.605316876724828e-05
LSTM,44,3,72,2.7193600544705987e-05
LSTM,44,3,73,2.5419843950658105e-05
LSTM,44,3,74,2.5661329345894046e-05
LSTM,44,3,75,2.5607258066884242e-05
LSTM,44,3,76,2.5550960344844498e-05
LSTM,44,3,77,2.4993529223138466e-05
LSTM,44,3,78,2.5907025701599196e-05
LSTM,44,3,79,2.4997969376272522e-05
LSTM,44,3,80,2.430728818580974e-05
LSTM,44,3,81,2.374229734414257e-05
LSTM,44,3,82,2.3672548195463605e-05
LSTM,44,3,83,2.3266351490747184e-05
LSTM,44,3,84,2.28014887397876e-05
LSTM,44,3,85,2.2834616174804978e-05
LSTM,44,3,86,2.2593987523578107e-05
LSTM,44,3,87,2.1635474695358425e-05
LSTM,44,3,88,2.1356197976274416e-05
LSTM,44,3,89,2.2497832105727866e-05
LSTM,44,3,90,2.3061982574290596e-05
LSTM,44,3,91,2.160259464289993e-05
LSTM,44,3,92,2.130257234966848e-05
LSTM,44,3,93,2.0514631614787504e-05
LSTM,44,3,94,2.063476131297648e-05
LSTM,44,3,95,2.0698307707789354e-05
LSTM,44,3,96,2.1002397261327133e-05
LSTM,44,3,97,2.0342622519819997e-05
LSTM,44,3,98,1.9996741684735753e-05
LSTM,44,3,99,1.9862269255099818e-05
LSTM,44,3,100,1.965857700270135e-05
LSTM,44,3,101,1.9441482436377555e-05
LSTM,44,3,102,1.9525796233210713e-05
LSTM,44,3,103,1.9424440324655734e-05
LSTM,44,3,104,1.947230521182064e-05
LSTM,44,3,105,1.896214780572336e-05
LSTM,44,3,106,1.962574060598854e-05
LSTM,44,3,107,1.9116334442514926e-05
LSTM,44,3,108,1.8562797777121887e-05
LSTM,44,3,109,1.807545959309209e-05
LSTM,44,3,110,1.8420560081722215e-05
LSTM,44,3,111,1.7741918782121502e-05
LSTM,44,3,112,1.7465741620981134e-05
LSTM,44,3,113,1.7726124497130513e-05
LSTM,44,3,114,1.9002194676431827e-05
LSTM,44,3,115,1.6690331904101186e-05
LSTM,44,3,116,1.7209948055096902e-05
LSTM,44,3,117,1.7142399883596227e-05
LSTM,44,3,118,1.846946543082595e-05
LSTM,44,3,119,1.7451209714636207e-05
LSTM,44,3,120,1.645122392801568e-05
LSTM,44,3,121,1.7233283870154992e-05
LSTM,44,3,122,1.6992267774185166e-05
LSTM,44,3,123,1.6368383512599394e-05
LSTM,44,3,124,1.5471097867703065e-05
LSTM,44,3,125,1.6073541701189242e-05
LSTM,44,3,126,1.5554949641227722e-05
LSTM,44,3,127,1.589086423336994e-05
LSTM,44,3,128,1.5200937014014926e-05
