model_a,model_b,difference,iid_basic_lower,iid_basic_upper,block12_basic_lower,block12_basic_upper,iid_width,block12_width,iid_status,block12_status,block12_to_iid_width_ratio
Original-paper GAN,Our replicated GAN,0.13803254370643214,-0.001378164876018717,0.24834440588847437,-0.036797278384065435,0.25566425328257913,0.24972257076449308,0.29246153166664457,Unresolved,Unresolved,1.1711457669657641
Original-paper GAN,Extension LSTM,0.2906268332930264,0.06542076129860974,0.4904524283772952,-0.011908791961771636,0.5361130801090924,0.42503166707868545,0.5480218720708641,A higher,Unresolved,1.289367156658023
Original-paper GAN,Transformer,0.44544321450753593,0.2545894340691017,0.6158735170852339,0.21257526064587673,0.6152923324126058,0.36128408301613213,0.4027170717667291,A higher,A higher,1.1146825744569182
Original-paper GAN,Equal-weight LSTM–Transformer combination,0.286817199391751,0.1008845847770295,0.4502616013751521,0.04286185508764595,0.4751372129144875,0.3493770165981226,0.43227535782684157,A higher,A higher,1.2372747412978065
Our replicated GAN,Extension LSTM,0.15259428958659427,0.005043227344728729,0.3055634332190014,-0.017559549495580973,0.3403087644635015,0.3005202058742727,0.3578683139590825,A higher,Unresolved,1.1908294582654526
Our replicated GAN,Transformer,0.3074106708011038,0.13669997886941349,0.45747751195099917,0.12574950035585958,0.4669049190188358,0.3207775330815857,0.3411554186629762,A higher,A higher,1.0635265362434458
Our replicated GAN,Equal-weight LSTM–Transformer combination,0.14878465568531885,0.01746241575512425,0.2722229021141945,0.0033751908865381486,0.30066811988326203,0.2547604863590702,0.2972929289967239,A higher,A higher,1.1669507043478737
Extension LSTM,Transformer,0.15481638121450952,-0.0415512427656643,0.3466514961777552,-0.04895450789388056,0.36492506562598204,0.3882027389434195,0.4138795735198626,Unresolved,Unresolved,1.0661428475397374
Extension LSTM,Equal-weight LSTM–Transformer combination,-0.003809633901275422,-0.12258307265664514,0.10302991762481688,-0.1316143749675419,0.11878295927434981,0.22561299028146203,0.2503973342418917,Unresolved,Unresolved,1.109853355205789
Transformer,Equal-weight LSTM–Transformer combination,-0.15862601511578495,-0.2579018325045677,-0.0618508996990047,-0.26455565595268105,-0.05706081073692343,0.19605093280556302,0.20749484521575762,B higher,B higher,1.0583721395579602
