block_months,model_a,model_b,difference_a_minus_b,basic_status,basic_width,percentile_status,percentile_width,simultaneous_status,simultaneous_width,basic_percentile_agree
6,Original-paper GAN,Our replicated GAN,0.13803254370643214,Unresolved,0.2663936858427532,A higher,0.2663936858427532,Unresolved,0.5331190537229582,False
6,Original-paper GAN,Extension LSTM,0.2906268332930264,A higher,0.5026736383008624,A higher,0.5026736383008623,A higher,0.5331190537229582,True
6,Original-paper GAN,Transformer,0.44544321450753593,A higher,0.371452640721294,A higher,0.3714526407212941,A higher,0.5331190537229582,True
6,Original-paper GAN,Equal-weight LSTM–Transformer combination,0.286817199391751,A higher,0.3828512623349302,A higher,0.3828512623349302,A higher,0.5331190537229582,True
6,Our replicated GAN,Extension LSTM,0.15259428958659427,Unresolved,0.36158081302940603,Unresolved,0.36158081302940603,Unresolved,0.5331190537229582,True
6,Our replicated GAN,Transformer,0.3074106708011038,A higher,0.3349195606335925,A higher,0.3349195606335925,A higher,0.5331190537229582,True
6,Our replicated GAN,Equal-weight LSTM–Transformer combination,0.14878465568531885,A higher,0.28941410820459645,A higher,0.28941410820459645,Unresolved,0.5331190537229582,True
6,Extension LSTM,Transformer,0.15481638121450952,Unresolved,0.41204071735297615,Unresolved,0.41204071735297615,Unresolved,0.5331190537229582,True
6,Extension LSTM,Equal-weight LSTM–Transformer combination,-0.003809633901275422,Unresolved,0.2602207222773403,Unresolved,0.2602207222773403,Unresolved,0.5331190537229582,True
6,Transformer,Equal-weight LSTM–Transformer combination,-0.15862601511578495,B higher,0.20285941237954574,B higher,0.20285941237954577,Unresolved,0.5331190537229582,True
12,Original-paper GAN,Our replicated GAN,0.13803254370643214,Unresolved,0.29246153166664457,A higher,0.29246153166664457,Unresolved,0.5729503333479913,False
12,Original-paper GAN,Extension LSTM,0.2906268332930264,Unresolved,0.5480218720708641,A higher,0.5480218720708641,A higher,0.5729503333479913,False
12,Original-paper GAN,Transformer,0.44544321450753593,A higher,0.4027170717667291,A higher,0.40271707176672916,A higher,0.5729503333479913,True
12,Original-paper GAN,Equal-weight LSTM–Transformer combination,0.286817199391751,A higher,0.43227535782684157,A higher,0.43227535782684157,A higher,0.5729503333479913,True
12,Our replicated GAN,Extension LSTM,0.15259428958659427,Unresolved,0.3578683139590825,Unresolved,0.3578683139590825,Unresolved,0.5729503333479913,True
12,Our replicated GAN,Transformer,0.3074106708011038,A higher,0.3411554186629762,A higher,0.34115541866297616,A higher,0.5729503333479913,True
12,Our replicated GAN,Equal-weight LSTM–Transformer combination,0.14878465568531885,A higher,0.2972929289967239,Unresolved,0.2972929289967239,Unresolved,0.5729503333479913,False
12,Extension LSTM,Transformer,0.15481638121450952,Unresolved,0.4138795735198626,Unresolved,0.4138795735198626,Unresolved,0.5729503333479913,True
12,Extension LSTM,Equal-weight LSTM–Transformer combination,-0.003809633901275422,Unresolved,0.2503973342418917,Unresolved,0.2503973342418917,Unresolved,0.5729503333479913,True
12,Transformer,Equal-weight LSTM–Transformer combination,-0.15862601511578495,B higher,0.20749484521575762,B higher,0.20749484521575762,Unresolved,0.5729503333479913,True
24,Original-paper GAN,Our replicated GAN,0.13803254370643214,Unresolved,0.32089050105995415,A higher,0.32089050105995415,Unresolved,0.600931110322625,False
24,Original-paper GAN,Extension LSTM,0.2906268332930264,Unresolved,0.5719942472239405,A higher,0.5719942472239405,Unresolved,0.6009311103226249,False
24,Original-paper GAN,Transformer,0.44544321450753593,A higher,0.47398663965573384,A higher,0.47398663965573384,A higher,0.600931110322625,True
24,Original-paper GAN,Equal-weight LSTM–Transformer combination,0.286817199391751,A higher,0.48675079709422703,A higher,0.48675079709422703,Unresolved,0.6009311103226249,True
24,Our replicated GAN,Extension LSTM,0.15259428958659427,Unresolved,0.3435375261435036,Unresolved,0.3435375261435036,Unresolved,0.600931110322625,True
24,Our replicated GAN,Transformer,0.3074106708011038,A higher,0.3627173349564993,A higher,0.3627173349564993,A higher,0.600931110322625,True
24,Our replicated GAN,Equal-weight LSTM–Transformer combination,0.14878465568531885,Unresolved,0.31556445961441343,Unresolved,0.31556445961441343,Unresolved,0.600931110322625,True
24,Extension LSTM,Transformer,0.15481638121450952,Unresolved,0.3741045757857949,Unresolved,0.3741045757857949,Unresolved,0.600931110322625,True
24,Extension LSTM,Equal-weight LSTM–Transformer combination,-0.003809633901275422,Unresolved,0.22896133338448202,Unresolved,0.22896133338448202,Unresolved,0.600931110322625,True
24,Transformer,Equal-weight LSTM–Transformer combination,-0.15862601511578495,B higher,0.1952101633531526,B higher,0.1952101633531526,Unresolved,0.600931110322625,True
