model,block_months,bootstrap_se,basic_interval_width,percentile_interval_width
Original-paper GAN,6,0.11649785490021511,0.45687631438753185,0.45687631438753185
Our replicated GAN,6,0.0960991015282778,0.37259759312063134,0.3725975931206313
Extension LSTM,6,0.09443141231638937,0.36480080161239536,0.3648008016123953
Transformer,6,0.07576272970278654,0.29550220628107243,0.29550220628107243
Equal-weight LSTM–Transformer combination,6,0.08663817934842896,0.3397010218329237,0.3397010218329237
Original-paper GAN,12,0.13475539800647285,0.530474709885196,0.530474709885196
Our replicated GAN,12,0.10206462736820346,0.40385295880689365,0.40385295880689365
Extension LSTM,12,0.09824586441797419,0.38213112647562797,0.3821311264756279
Transformer,12,0.07516569245190624,0.29378291797320727,0.2937829179732072
Equal-weight LSTM–Transformer combination,12,0.08851426730952396,0.3474653348436383,0.3474653348436383
Original-paper GAN,24,0.15623494670817917,0.6075118546879593,0.6075118546879593
Our replicated GAN,24,0.1082736600980963,0.4253811981131066,0.42538119811310654
Extension LSTM,24,0.09699571831705277,0.3760247266179563,0.37602472661795633
Transformer,24,0.07790307374964424,0.30936312493904566,0.3093631249390457
Equal-weight LSTM–Transformer combination,24,0.09413981819428012,0.37273437243658036,0.37273437243658036
