block_months,model_a,model_b,difference_a_minus_b,basic_lower,basic_upper,percentile_lower,percentile_upper,simultaneous_lower,simultaneous_upper,pointwise_excludes_zero,simultaneous_excludes_zero,annualized_difference_a_minus_b,annualized_basic_lower,annualized_basic_upper,annualized_percentile_lower,annualized_percentile_upper,annualized_simultaneous_lower,annualized_simultaneous_upper
6,Original-paper GAN,Our replicated GAN,0.13803254370643214,-0.013314219799813398,0.2530794660429398,0.0229856213699245,0.2893793072126777,-0.12852698315504696,0.40459207056791124,False,False,0.47815875759502424,-0.04612181031283266,0.8766929870775482,0.07962452811250034,1.0024393255028812,-0.4452305299361811,1.4015480451262297
6,Original-paper GAN,Extension LSTM,0.2906268332930264,0.023279960360351182,0.5259535986612136,0.05530006792483927,0.5579737062257016,0.02406730643154731,0.5571863601545055,True,True,1.0067608826127437,0.08064414828463543,1.8219567106098242,0.19156505461566323,1.932877616940852,0.0833715950815383,1.930150170143949
6,Original-paper GAN,Transformer,0.44544321450753593,0.2387173730424671,0.6101700137637611,0.2807164152513107,0.6521690559726048,0.17888368764605683,0.7120027413690151,True,True,1.5430605588277084,0.8269412375178521,2.1136909301876705,0.9724301874677459,2.2591798801375647,0.619671271296503,2.466449846358914
6,Original-paper GAN,Equal-weight LSTM–Transformer combination,0.286817199391751,0.07802763876681079,0.460878901101741,0.11275549768176098,0.4956067600166912,0.020257672530271886,0.5533767262532301,True,True,0.993563923662252,0.2702956694774945,1.5965313456894543,0.3905965016350495,1.7168321778470093,0.07017463613104656,1.9169532111934573
6,Our replicated GAN,Extension LSTM,0.15259428958659427,-0.020136128448648094,0.34144468458075794,-0.03625610540756942,0.32532470762183663,-0.11396523727488483,0.41915381644807337,False,False,0.5286021250177194,-0.06975359508158314,1.1827990833364046,-0.1255948333009659,1.126957845117022,-0.39478716251348595,1.4519914125489248
6,Our replicated GAN,Transformer,0.3074106708011038,0.12985328198866003,0.46477284262225255,0.15004849897995504,0.48496805961354755,0.04085114393962469,0.5739701976625828,True,True,1.064901801232684,0.4498249638678555,1.6100203547999103,0.5197832476654579,1.6799786385975128,0.14151251370147877,1.9882910887638894
6,Our replicated GAN,Equal-weight LSTM–Transformer combination,0.14878465568531885,0.007191667829088533,0.296605776033685,0.0009635353369526996,0.29037764354154916,-0.11777487117616026,0.41534418254679795,True,False,0.5154051660672276,0.024912668142279815,1.027472547817475,0.0033377843169801473,1.0058976639921755,-0.4079841214639777,1.4387944535984332
6,Extension LSTM,Transformer,0.15481638121450952,-0.055332755412453305,0.35670796194052284,-0.04707519951150378,0.36496551784147235,-0.11174314564696958,0.4213759080759886,False,False,0.5362996762149648,-0.19167828739430182,1.2356726270906617,-0.16307327466073226,1.2642776398242312,-0.38708961131624064,1.45968896374617
6,Extension LSTM,Equal-weight LSTM–Transformer combination,-0.003809633901275422,-0.14081879818127577,0.11940192409606454,-0.12702119189861538,0.13319953037872492,-0.2703691607627545,0.2627498929602037,False,False,-0.013196958950491734,-0.48781062622151483,0.41362039811173273,-0.4400143160127162,0.4614167083205314,-0.9365862464816971,0.9101923285807136
6,Transformer,Equal-weight LSTM–Transformer combination,-0.15862601511578495,-0.2605385348716139,-0.057679122492068136,-0.25957290773950176,-0.05671349535995599,-0.42518554197726405,0.10793351174569416,True,False,-0.5494966351654564,-0.9025319594543818,-0.1998063413845016,-0.8991869289464114,-0.1964613108765311,-1.472885922696662,0.3738926523657489
12,Original-paper GAN,Our replicated GAN,0.13803254370643214,-0.036797278384065435,0.25566425328257913,0.020400834130285164,0.3128623657969297,-0.1484426229675635,0.4245077103804278,False,False,0.47815875759502424,-0.12746951148291466,0.8856469527291703,0.07067056246087826,1.0837870266729632,-0.5142203299772214,1.47053784516727
12,Original-paper GAN,Extension LSTM,0.2906268332930264,-0.011908791961771636,0.5361130801090924,0.04514058647696038,0.5931624585478245,0.004151666619030769,0.577101999967022,False,True,1.0067608826127437,-0.041253265469112635,1.8571501867023834,0.1563715785231039,2.0547750306946,0.014381795040497988,1.9991399701849895
12,Original-paper GAN,Transformer,0.44544321450753593,0.21257526064587673,0.6152923324126058,0.275594096602466,0.6783111683691951,0.1589680478335403,0.7319183811815315,True,True,1.5430605588277084,0.7363823037417107,2.1314351624923837,0.9546859551630327,2.349738813913706,0.5506814712554627,2.535439646399954
12,Original-paper GAN,Equal-weight LSTM–Transformer combination,0.286817199391751,0.04286185508764595,0.4751372129144875,0.09849718586901443,0.530772543695856,0.00034203271775534727,0.5732923660657466,True,True,0.993563923662252,0.1484778214369147,1.6459235866691273,0.3412042606553765,1.838650025887589,0.001184836090006254,1.9859430112344976
12,Our replicated GAN,Extension LSTM,0.15259428958659427,-0.017559549495580973,0.3403087644635015,-0.03512018529031299,0.3227481286687695,-0.13388087708740137,0.4390694562605899,False,False,0.5286021250177194,-0.06082806376873339,1.1788641406235492,-0.12165989058811043,1.1180323138041721,-0.4637769625545263,1.520981212589965
12,Our replicated GAN,Transformer,0.3074106708011038,0.12574950035585958,0.4669049190188358,0.14791642258337181,0.489071841246348,0.02093550412710815,0.5938858374750995,True,True,1.064901801232684,0.43560904728549876,1.6174060840889115,0.5123975183764569,1.6941945551798696,0.07252271366043847,2.05728088880493
12,Our replicated GAN,Equal-weight LSTM–Transformer combination,0.14878465568531885,0.0033751908865381486,0.30066811988326203,-0.0030988085126243555,0.29419412048409954,-0.1376905109886768,0.4352598223593145,True,False,0.5154051660672276,0.01169200420145503,1.04154491970804,-0.010734587573584652,1.0191183279330003,-0.476973921505018,1.5077842536394734
12,Extension LSTM,Transformer,0.15481638121450952,-0.04895450789388056,0.36492506562598204,-0.05529230319696299,0.3585872703228996,-0.13165878545948612,0.44129154788850516,False,False,0.5362996762149648,-0.1695833898634656,1.2641375092392153,-0.1915381568092859,1.242182742293395,-0.456079411357281,1.5286787637872103
12,Extension LSTM,Equal-weight LSTM–Transformer combination,-0.003809633901275422,-0.1316143749675419,0.11878295927434981,-0.12640222707690066,0.12399510716499104,-0.29028480057527106,0.2826655327727202,False,False,-0.013196958950491734,-0.45592556890040786,0.4114762410731173,-0.43787015897410075,0.4295316509994244,-1.0055760465227375,0.9791821286217539
12,Transformer,Equal-weight LSTM–Transformer combination,-0.15862601511578495,-0.26455565595268105,-0.05706081073692343,-0.26019121949464646,-0.05269637427888886,-0.4451011817897806,0.1278491515582107,True,False,-0.5494966351654564,-0.9164476750795105,-0.19766444663484617,-0.9013288236960668,-0.18254559525140251,-1.5418757227377022,0.4428824524067892
24,Original-paper GAN,Our replicated GAN,0.13803254370643214,-0.058304271589432466,0.2625862294705217,0.013478857942342607,0.33436935900229675,-0.16243301145488037,0.43849809886774466,False,False,0.47815875759502424,-0.2019719213823833,0.9096253816217672,0.04669213356828138,1.1582894365724319,-0.5626844573325405,1.519001972522589
24,Original-paper GAN,Extension LSTM,0.2906268332930264,-0.03069118142426186,0.5413030657996787,0.03995060078637415,0.6119448480103147,-0.009838721868286104,0.5910923884543389,False,False,1.0067608826127437,-0.10631737114227136,1.875128824515685,0.13839294070980232,2.1198391363677587,-0.03408233231482104,2.047604097540308
24,Original-paper GAN,Transformer,0.44544321450753593,0.16452680839570022,0.6385134480514341,0.2523729809636378,0.7263596206193716,0.14497765934622342,0.7459087696688484,True,True,1.5430605588277084,0.569937582697005,2.2118754666821494,0.8742456509732675,2.516183534958412,0.5022173439001437,2.583903773755273
24,Original-paper GAN,Equal-weight LSTM–Transformer combination,0.286817199391751,0.007296014036697995,0.494046811130925,0.07958758765257697,0.566338384746804,-0.013648355769561527,0.5872827545530634,True,False,0.993563923662252,0.02527413400859325,1.7114283563922945,0.27569949093220947,1.9618537133159106,-0.04727929126531277,2.0344071385898164
24,Our replicated GAN,Extension LSTM,0.15259428958659427,-0.00738380881495998,0.3361537173285436,-0.030965138155355048,0.3125723879881485,-0.14787126557471825,0.4530598447479068,False,False,0.5286021250177194,-0.025578264041771256,1.164470635132368,-0.10726638509692912,1.08278251407721,-0.5122410899098453,1.5694453399452841
24,Our replicated GAN,Transformer,0.3074106708011038,0.10819986525421521,0.47091720021071454,0.14390414139149305,0.5066214763479924,0.006945115639791277,0.6078762259624163,True,True,1.064901801232684,0.3748153279848143,1.6313050338460855,0.4984985686192828,1.754988274480554,0.024058586305119443,2.105745016160249
24,Our replicated GAN,Equal-weight LSTM–Transformer combination,0.14878465568531885,-0.0025742408574126463,0.3129902187570008,-0.015420907386363081,0.30014355222805034,-0.15168089947599367,0.44925021084663136,False,False,0.5154051660672276,-0.008917431911916745,1.0842299223184455,-0.053419590183990076,1.039727764046372,-0.5254380488603371,1.5562483809947925
24,Extension LSTM,Transformer,0.15481638121450952,-0.04147986609941967,0.33262470968637525,-0.02299194725735618,0.3511126285284387,-0.145649173946803,0.45528193637582204,False,False,0.5362996762149648,-0.14369047115069747,1.1522457940592992,-0.07964644162936961,1.216289823580627,-0.5045435387125999,1.5771428911425294
24,Extension LSTM,Equal-weight LSTM–Transformer combination,-0.003809633901275422,-0.12090025269066161,0.10806108069382041,-0.11568034849637125,0.11328098488811077,-0.30427518906258794,0.2966559212600371,False,False,-0.013196958950491734,-0.41881076061628353,0.3743345641649945,-0.40072848206597794,0.39241684271530003,-1.0540401738780565,1.027646255977073
24,Transformer,Equal-weight LSTM–Transformer combination,-0.15862601511578495,-0.24513101198529497,-0.049920848632142356,-0.26733118159942754,-0.07212101824627491,-0.45909157027709746,0.14183954004552757,True,False,-0.5494966351654564,-0.8491587345386126,-0.17293089237565168,-0.9260623779552613,-0.2498345357923004,-1.5903398500930213,0.4913465797621082
