date,window_months,block_months,model_a,model_b,annualized_difference,basic_lower,basic_upper,simultaneous_lower,simultaneous_upper,pointwise_direction,simultaneous_direction
1994-12-01,36,6,Extension LSTM,Transformer,2.20321521465772,0.7525546538506037,3.466492390600467,0.1762370064743354,4.230193422841105,A higher,A higher
1994-12-01,36,3,Extension LSTM,Transformer,2.20321521465772,0.8280548811239401,3.41960236486359,-0.06806543780281528,4.474495867118256,A higher,Unresolved
1994-12-01,36,12,Extension LSTM,Transformer,2.20321521465772,0.9380624712680623,3.121874175783272,0.622885725720677,3.7835447035947634,A higher,A higher
1995-12-01,36,6,Extension LSTM,Transformer,1.1491625601089925,-0.2954568012098643,2.7914001211207595,-1.3901574307124145,3.6884825509303996,Unresolved,Unresolved
1995-12-01,36,3,Extension LSTM,Transformer,1.1491625601089925,-0.3706356667740837,2.629814522473007,-1.380689204183767,3.6790143244017517,Unresolved,Unresolved
1995-12-01,36,12,Extension LSTM,Transformer,1.1491625601089925,0.1323445502308727,3.154859068123412,-1.5698720841973837,3.8681972044153685,A higher,Unresolved
1996-12-01,36,6,Extension LSTM,Transformer,1.5126283109521985,-0.30925493729849246,3.698322315928376,-1.7959205381947119,4.821177160099109,Unresolved,Unresolved
1996-12-01,36,3,Extension LSTM,Transformer,1.5126283109521985,-0.3055345153270434,3.6275946835584856,-1.6934280748550412,4.718684696759438,Unresolved,Unresolved
1996-12-01,36,12,Extension LSTM,Transformer,1.5126283109521985,-0.008526108789684727,3.8271735529274307,-1.1407445952476813,4.166001217152078,Unresolved,Unresolved
1997-12-01,36,6,Extension LSTM,Transformer,1.4196182729547706,-0.30939734495888815,3.14622589667699,-3.743043931826938,6.58228047773648,Unresolved,Unresolved
1997-12-01,36,3,Extension LSTM,Transformer,1.4196182729547706,-0.21038453907898463,3.127043539762345,-3.846692674549212,6.685929220458753,Unresolved,Unresolved
1997-12-01,36,12,Extension LSTM,Transformer,1.4196182729547706,-0.19402294787408464,3.1129785821493106,-2.618287768914004,5.457524314823545,Unresolved,Unresolved
1998-12-01,36,6,Extension LSTM,Transformer,2.7930243188640564,1.490909410497983,3.9543463765169298,-0.43169081971157586,6.017739457439689,A higher,Unresolved
1998-12-01,36,3,Extension LSTM,Transformer,2.7930243188640564,1.365919286689571,4.064374146744654,-0.5923691754855314,6.178417813213645,A higher,Unresolved
1998-12-01,36,12,Extension LSTM,Transformer,2.7930243188640564,1.5151301819693193,3.7757323172726767,0.029975923272471124,5.5560727144556425,A higher,A higher
1999-12-01,36,6,Extension LSTM,Transformer,1.326656294773471,-0.8515879703776758,2.7015483087790195,-2.85983505400867,5.513147643555612,Unresolved,Unresolved
1999-12-01,36,3,Extension LSTM,Transformer,1.326656294773471,-0.9287750414963247,2.7307436428449092,-2.574587354374807,5.2278999439217495,Unresolved,Unresolved
1999-12-01,36,12,Extension LSTM,Transformer,1.326656294773471,-0.727683333068707,2.5946777243406327,-2.9709539680238515,5.6242665575707935,Unresolved,Unresolved
2000-12-01,36,6,Extension LSTM,Transformer,-0.27794247499953584,-3.8039107133305285,0.8694135811726614,-4.002517450446813,3.446632500447741,Unresolved,Unresolved
2000-12-01,36,3,Extension LSTM,Transformer,-0.27794247499953584,-3.0383835792321006,0.7555776660508593,-3.6612763622658058,3.1053914122667345,Unresolved,Unresolved
2000-12-01,36,12,Extension LSTM,Transformer,-0.27794247499953584,-4.263208624192905,1.0441783072257953,-4.310747240767458,3.754862290768386,Unresolved,Unresolved
2001-12-01,36,6,Extension LSTM,Transformer,0.35219677318458137,-2.1370853524713094,2.2673949588253857,-2.3474900559541148,3.0518836023232776,Unresolved,Unresolved
2001-12-01,36,3,Extension LSTM,Transformer,0.35219677318458137,-1.9994930979422159,2.2247644258617094,-2.3023615826761907,3.0067551290453536,Unresolved,Unresolved
2001-12-01,36,12,Extension LSTM,Transformer,0.35219677318458137,-1.8999547043467262,1.9647999203109665,-1.9146816033834015,2.619075149752564,Unresolved,Unresolved
2002-12-01,36,6,Extension LSTM,Transformer,0.18591020238350398,-1.9729263779094384,2.0531973619311272,-2.179327147745797,2.551147552512805,Unresolved,Unresolved
2002-12-01,36,3,Extension LSTM,Transformer,0.18591020238350398,-1.963137474421172,2.305817208965925,-2.504716216735282,2.87653662150229,Unresolved,Unresolved
2002-12-01,36,12,Extension LSTM,Transformer,0.18591020238350398,-1.8352095412618503,1.2839166570397096,-1.5363200141922755,1.9081404189592832,Unresolved,Unresolved
2003-12-01,36,6,Extension LSTM,Transformer,1.4947300382684694,-0.09903811823876746,3.4301537215297637,-1.1506721995625573,4.140132276099496,Unresolved,Unresolved
2003-12-01,36,3,Extension LSTM,Transformer,1.4947300382684694,-0.4117745595764056,3.672909012206455,-1.1244363717583572,4.1138964482952955,Unresolved,Unresolved
2003-12-01,36,12,Extension LSTM,Transformer,1.4947300382684694,-0.023687543368204604,2.9297937192711196,-0.7403892095454214,3.72984928608236,Unresolved,Unresolved
2004-12-01,36,6,Extension LSTM,Transformer,0.7288613320366436,-0.8898898576582775,2.8814567379870106,-2.298700822912864,3.7564234869861513,Unresolved,Unresolved
2004-12-01,36,3,Extension LSTM,Transformer,0.7288613320366436,-1.412881158238234,3.026239633228683,-2.2028919471385917,3.6606146112118783,Unresolved,Unresolved
2004-12-01,36,12,Extension LSTM,Transformer,0.7288613320366436,-1.024990000013027,2.759296014424912,-2.5580173668881026,4.01574003096139,Unresolved,Unresolved
2005-12-01,36,6,Extension LSTM,Transformer,0.1244490651961846,-1.5914697996311253,1.7361889503421475,-3.0860811973425086,3.3349793277348776,Unresolved,Unresolved
2005-12-01,36,3,Extension LSTM,Transformer,0.1244490651961846,-1.7668631997732633,1.9061253338331885,-2.8651806667059785,3.1140787970983475,Unresolved,Unresolved
2005-12-01,36,12,Extension LSTM,Transformer,0.1244490651961846,-1.1658476727223988,1.467757396931975,-3.359291201028604,3.6081893314209728,Unresolved,Unresolved
2006-12-01,36,6,Extension LSTM,Transformer,-0.4630157155633759,-2.2731629383909078,1.3948655051060923,-2.507141717682809,1.5811102865560571,Unresolved,Unresolved
2006-12-01,36,3,Extension LSTM,Transformer,-0.4630157155633759,-2.5851426775258166,1.7966466038511901,-2.756354940441269,1.8303235093145167,Unresolved,Unresolved
2006-12-01,36,12,Extension LSTM,Transformer,-0.4630157155633759,-1.5881156005980823,0.3916139274108195,-2.3140779692981295,1.3880465381713776,Unresolved,Unresolved
2007-12-01,36,6,Extension LSTM,Transformer,-0.7937666059231906,-2.601041871029713,1.2898873427714308,-3.0793831211668268,1.4918499093204456,Unresolved,Unresolved
2007-12-01,36,3,Extension LSTM,Transformer,-0.7937666059231906,-2.789805912899942,1.461035339223343,-3.2153200007717064,1.6277867889253255,Unresolved,Unresolved
2007-12-01,36,12,Extension LSTM,Transformer,-0.7937666059231906,-2.1675007700659417,0.876422357489012,-2.9431164277553084,1.3555832159089274,Unresolved,Unresolved
2008-12-01,36,6,Extension LSTM,Transformer,-0.17478636222781244,-1.8646181956837329,1.5373435751214897,-2.8167398242246113,2.4671670997689867,Unresolved,Unresolved
2008-12-01,36,3,Extension LSTM,Transformer,-0.17478636222781244,-2.18746764835881,2.0689491683188037,-2.7359695926736025,2.386396868217978,Unresolved,Unresolved
2008-12-01,36,12,Extension LSTM,Transformer,-0.17478636222781244,-1.4927963268862083,1.8961979873411239,-3.008852137469719,2.6592794130140938,Unresolved,Unresolved
2009-12-01,36,6,Extension LSTM,Transformer,0.6191364553676785,-0.9525552722748111,2.6994305893914956,-1.5828980202839436,2.8211709310193003,Unresolved,Unresolved
2009-12-01,36,3,Extension LSTM,Transformer,0.6191364553676785,-1.0742746422198461,2.544587012748214,-1.5331767188309768,2.771449629566334,Unresolved,Unresolved
2009-12-01,36,12,Extension LSTM,Transformer,0.6191364553676785,-0.858925764208822,2.570513677292818,-1.3616085107962146,2.5998814215315718,Unresolved,Unresolved
2010-12-01,36,6,Extension LSTM,Transformer,0.8600104476575444,-0.7322957722154617,2.614685040307084,-1.2151972684070613,2.93521816372215,Unresolved,Unresolved
2010-12-01,36,3,Extension LSTM,Transformer,0.8600104476575444,-0.7687720393798998,2.5980265638653313,-1.1219595583738686,2.8419804536889575,Unresolved,Unresolved
2010-12-01,36,12,Extension LSTM,Transformer,0.8600104476575444,-0.44007524405375975,2.6961666540676155,-1.2102631400703556,2.9302840353854447,Unresolved,Unresolved
2011-12-01,36,6,Extension LSTM,Transformer,0.9690028276515046,-0.04097104368213558,2.484633855060722,-0.7964180051677745,2.734423660470784,Unresolved,Unresolved
2011-12-01,36,3,Extension LSTM,Transformer,0.9690028276515046,-0.2672223496999229,2.364752704784253,-0.73971612435911,2.6777217796621193,Unresolved,Unresolved
2011-12-01,36,12,Extension LSTM,Transformer,0.9690028276515046,0.016489367335507932,2.835309066074619,-1.165682468856204,3.103688124159213,A higher,Unresolved
2012-12-01,36,6,Extension LSTM,Transformer,-0.024503082547574172,-1.5111304651905693,1.6988679219111285,-2.0213789740706773,1.9723728089755288,Unresolved,Unresolved
2012-12-01,36,3,Extension LSTM,Transformer,-0.024503082547574172,-1.5086605507392339,1.6979642739918663,-2.075892933283699,2.026886768188551,Unresolved,Unresolved
2012-12-01,36,12,Extension LSTM,Transformer,-0.024503082547574172,-1.1941300920866846,1.3366820167852556,-1.5209233318904867,1.4719171667953383,Unresolved,Unresolved
2013-12-01,36,6,Extension LSTM,Transformer,-0.3325592958023672,-1.2052824554573927,0.7685321480006675,-2.3055204257961464,1.640401834191412,Unresolved,Unresolved
2013-12-01,36,3,Extension LSTM,Transformer,-0.3325592958023672,-1.5600858891483802,0.987577380640694,-2.4555697241249987,1.790451132520264,Unresolved,Unresolved
2013-12-01,36,12,Extension LSTM,Transformer,-0.3325592958023672,-0.9476560190822744,0.5203555170289895,-2.0456548341490532,1.3805362425443193,Unresolved,Unresolved
2014-12-01,36,6,Extension LSTM,Transformer,-1.2128434057576511,-2.481075099950766,0.9034962557315188,-3.932448228937129,1.5067614174218271,Unresolved,Unresolved
2014-12-01,36,3,Extension LSTM,Transformer,-1.2128434057576511,-2.5631385764350165,0.7694936629731727,-3.700045480975829,1.2743586694605267,Unresolved,Unresolved
2014-12-01,36,12,Extension LSTM,Transformer,-1.2128434057576511,-2.536866246690933,0.9250314155488825,-4.027539473880505,1.6018526623652027,Unresolved,Unresolved
2015-12-01,36,6,Extension LSTM,Transformer,-1.0606010578582172,-2.0825575893205595,0.6757113903809796,-3.3533913227855994,1.232189207069165,Unresolved,Unresolved
2015-12-01,36,3,Extension LSTM,Transformer,-1.0606010578582172,-2.330475862486014,0.6290006199531389,-3.1236786935559424,1.0024765778395077,Unresolved,Unresolved
2015-12-01,36,12,Extension LSTM,Transformer,-1.0606010578582172,-2.001645156413281,0.17402536655952647,-3.503822324358384,1.3826202086419497,Unresolved,Unresolved
2016-12-01,36,6,Extension LSTM,Transformer,-0.251590022525152,-1.2540475833552713,1.6412267466974333,-2.1732169306151756,1.6700368855648717,Unresolved,Unresolved
2016-12-01,36,3,Extension LSTM,Transformer,-0.251590022525152,-1.2851172254267555,1.4315161509747574,-1.9078473424461533,1.4046672973958494,Unresolved,Unresolved
2016-12-01,36,12,Extension LSTM,Transformer,-0.251590022525152,-1.3641504140457479,1.7354781625751319,-2.2527383521379014,1.7495583070875973,Unresolved,Unresolved
1996-12-01,60,6,Extension LSTM,Transformer,1.8261205429207596,0.43117889423206446,3.132208468156141,-0.24980504721690133,3.90204613305842,A higher,Unresolved
1996-12-01,60,3,Extension LSTM,Transformer,1.8261205429207596,0.5896566378992024,2.974991076058266,-0.23640002174486194,3.8886411075863814,A higher,Unresolved
1996-12-01,60,12,Extension LSTM,Transformer,1.8261205429207596,0.7383966844339767,2.977460903624648,-0.031124829177389006,3.683365915018909,A higher,Unresolved
1997-12-01,60,6,Extension LSTM,Transformer,1.5835769568169595,0.48018924604426527,2.7220059251366595,-0.5022408298484612,3.66939474348238,A higher,Unresolved
1997-12-01,60,3,Extension LSTM,Transformer,1.5835769568169595,0.467841549956594,2.736110475476656,-0.49146115957049186,3.6586150732044103,A higher,Unresolved
1997-12-01,60,12,Extension LSTM,Transformer,1.5835769568169595,0.7519600352546746,2.5709420320319514,-0.05569053902931602,3.222844452663235,A higher,Unresolved
1998-12-01,60,6,Extension LSTM,Transformer,1.996894739510311,0.8997891161771618,3.177453111168535,-0.3759143682101024,4.369703847230724,A higher,Unresolved
1998-12-01,60,3,Extension LSTM,Transformer,1.996894739510311,0.8747630783736707,3.1817371997473973,-0.32854555736044133,4.322335036381063,A higher,Unresolved
1998-12-01,60,12,Extension LSTM,Transformer,1.996894739510311,0.9722959962164388,3.319427142649848,0.04570168749948534,3.948087791521136,A higher,A higher
1999-12-01,60,6,Extension LSTM,Transformer,1.086324323332366,-0.8827804440760482,2.5987495811940318,-2.047614832430173,4.220263479094904,Unresolved,Unresolved
1999-12-01,60,3,Extension LSTM,Transformer,1.086324323332366,-0.7296198995808507,2.477928845652869,-2.005746216109623,4.178394862774355,Unresolved,Unresolved
1999-12-01,60,12,Extension LSTM,Transformer,1.086324323332366,-0.8709026160596525,2.7590260985345543,-1.9171892383543983,4.08983788501913,Unresolved,Unresolved
2000-12-01,60,6,Extension LSTM,Transformer,0.04496816870042191,-2.7463546013293296,1.0481934241947874,-3.199114522754445,3.2890508601552884,Unresolved,Unresolved
2000-12-01,60,3,Extension LSTM,Transformer,0.04496816870042191,-2.243499568855789,1.0328924808943314,-2.795444075125647,2.885380412526491,Unresolved,Unresolved
2000-12-01,60,12,Extension LSTM,Transformer,0.04496816870042191,-2.747849262554472,1.193286276124718,-3.627720887692395,3.7176572250932396,Unresolved,Unresolved
2001-12-01,60,6,Extension LSTM,Transformer,0.7162193264176194,-1.566517952097523,2.1649991621750035,-1.750067808539473,3.182506461374712,Unresolved,Unresolved
2001-12-01,60,3,Extension LSTM,Transformer,0.7162193264176194,-1.3710826895661814,2.205094996783445,-1.7296365548557007,3.1620752076909397,Unresolved,Unresolved
2001-12-01,60,12,Extension LSTM,Transformer,0.7162193264176194,-1.536347045024174,2.069258425653822,-1.6363943095158973,3.068832962351136,Unresolved,Unresolved
2002-12-01,60,6,Extension LSTM,Transformer,0.4846999594478185,-1.6497915596406532,1.9901083902541457,-1.846274080391087,2.8156739992867243,Unresolved,Unresolved
2002-12-01,60,3,Extension LSTM,Transformer,0.4846999594478185,-1.4393198091519936,1.9580416873973472,-1.8701033209344762,2.8395032398301128,Unresolved,Unresolved
2002-12-01,60,12,Extension LSTM,Transformer,0.4846999594478185,-1.582517978640837,1.7749546291784883,-1.5811373661886001,2.550537285084237,Unresolved,Unresolved
2003-12-01,60,6,Extension LSTM,Transformer,0.3926275735458902,-1.4699818719409408,1.888873160902624,-1.9200152856715438,2.7052704327633244,Unresolved,Unresolved
2003-12-01,60,3,Extension LSTM,Transformer,0.3926275735458902,-1.4407197888937737,1.9073079686123766,-1.7688369589801125,2.554092106071893,Unresolved,Unresolved
2003-12-01,60,12,Extension LSTM,Transformer,0.3926275735458902,-1.329319984394688,1.6482796551299483,-2.0544158058001742,2.8396709528919546,Unresolved,Unresolved
2004-12-01,60,6,Extension LSTM,Transformer,0.38618606412928724,-1.4033503134349103,2.080538761907727,-1.76463777918857,2.5370099074471444,Unresolved,Unresolved
2004-12-01,60,3,Extension LSTM,Transformer,0.38618606412928724,-1.5418050207687881,2.140907721071182,-1.8223997137439274,2.594771842002502,Unresolved,Unresolved
2004-12-01,60,12,Extension LSTM,Transformer,0.38618606412928724,-1.321594182218418,1.865431242773155,-1.882931690831771,2.6553038190903457,Unresolved,Unresolved
2005-12-01,60,6,Extension LSTM,Transformer,1.342912459954743,0.2563899259657729,2.900513365744283,-0.7695492623020721,3.455374182211558,A higher,Unresolved
2005-12-01,60,3,Extension LSTM,Transformer,1.342912459954743,0.02771486560906421,3.1324325721014192,-0.6213579037296392,3.3071828236391254,A higher,Unresolved
2005-12-01,60,12,Extension LSTM,Transformer,1.342912459954743,0.4661449121813021,2.3876599741246367,-0.5732746691090924,3.2590995890185783,A higher,Unresolved
2006-12-01,60,6,Extension LSTM,Transformer,0.597139025374524,-0.5441636045322037,2.1644687183003795,-1.5631155452088894,2.7573935959579376,Unresolved,Unresolved
2006-12-01,60,3,Extension LSTM,Transformer,0.597139025374524,-0.8992512503026467,2.4080251570882045,-1.5964681193806962,2.790746170129744,Unresolved,Unresolved
2006-12-01,60,12,Extension LSTM,Transformer,0.597139025374524,-0.4788928159217508,1.9753356619511433,-1.4881539427234123,2.68243199347246,Unresolved,Unresolved
2007-12-01,60,6,Extension LSTM,Transformer,-0.4785297858013638,-1.8144250218575044,0.9391204701891336,-2.6248031363165083,1.6677435647137808,Unresolved,Unresolved
2007-12-01,60,3,Extension LSTM,Transformer,-0.4785297858013638,-2.0422917673785923,1.196790487326479,-2.7071812824494983,1.7501217108467708,Unresolved,Unresolved
2007-12-01,60,12,Extension LSTM,Transformer,-0.4785297858013638,-1.5901446400628223,0.6732294350233738,-2.726238752082705,1.7691791804799772,Unresolved,Unresolved
2008-12-01,60,6,Extension LSTM,Transformer,-0.06915547907292575,-1.3695250437557103,1.421320499990524,-1.9310360906349475,1.792725132489096,Unresolved,Unresolved
2008-12-01,60,3,Extension LSTM,Transformer,-0.06915547907292575,-1.4753210384146584,1.5810476050659446,-1.9280805659360902,1.7897696077902387,Unresolved,Unresolved
2008-12-01,60,12,Extension LSTM,Transformer,-0.06915547907292575,-1.1084471572530092,1.2943278288690376,-1.8436094431834573,1.7052984850376056,Unresolved,Unresolved
2009-12-01,60,6,Extension LSTM,Transformer,0.5792426442170547,-0.5683598428618766,2.2431394013247123,-1.2526794159183985,2.411164704352508,Unresolved,Unresolved
2009-12-01,60,3,Extension LSTM,Transformer,0.5792426442170547,-0.730569317286356,2.1917199049251193,-1.1714619151416772,2.3299472035757867,Unresolved,Unresolved
2009-12-01,60,12,Extension LSTM,Transformer,0.5792426442170547,-0.4119703550652854,2.2838925683290734,-1.3907777567845516,2.549263045218661,Unresolved,Unresolved
2010-12-01,60,6,Extension LSTM,Transformer,0.445577863617716,-0.8527620731111903,1.9487610213271926,-1.2076353191273237,2.0987910463627557,Unresolved,Unresolved
2010-12-01,60,3,Extension LSTM,Transformer,0.445577863617716,-0.8921151450108568,1.9280718447635363,-1.186344570936588,2.07750029817202,Unresolved,Unresolved
2010-12-01,60,12,Extension LSTM,Transformer,0.445577863617716,-0.6756224434868476,2.103802951628561,-1.2961679198993927,2.1873236471348245,Unresolved,Unresolved
2011-12-01,60,6,Extension LSTM,Transformer,0.5419395150695557,-0.6819270888475188,1.8708533773868277,-0.9785690631863425,2.062448093325454,Unresolved,Unresolved
2011-12-01,60,3,Extension LSTM,Transformer,0.5419395150695557,-0.8018957053400322,1.9062020644607185,-0.9762286419619502,2.060107672101062,Unresolved,Unresolved
2011-12-01,60,12,Extension LSTM,Transformer,0.5419395150695557,-0.4872320099137155,2.0382546298124002,-1.0421615587650406,2.126040588904152,Unresolved,Unresolved
2012-12-01,60,6,Extension LSTM,Transformer,0.6617683811438076,-0.48971572904467225,1.949826537610599,-0.9341383346901037,2.2576750969777186,Unresolved,Unresolved
2012-12-01,60,3,Extension LSTM,Transformer,0.6617683811438076,-0.6050541517526868,2.0259832522128853,-0.9228353476133156,2.246372109900931,Unresolved,Unresolved
2012-12-01,60,12,Extension LSTM,Transformer,0.6617683811438076,-0.2964696171010906,2.046135615854526,-0.9426629678641784,2.2661997301517935,Unresolved,Unresolved
2013-12-01,60,6,Extension LSTM,Transformer,0.5431357467065143,-0.20016260058126448,1.700852638143898,-1.4392310049645618,2.5255024983775907,Unresolved,Unresolved
2013-12-01,60,3,Extension LSTM,Transformer,0.5431357467065143,-0.4510485861662925,1.7797312736325506,-1.2392265112313325,2.3254980046443614,Unresolved,Unresolved
2013-12-01,60,12,Extension LSTM,Transformer,0.5431357467065143,-0.1528694056761346,1.8367638003075784,-1.5515055897862957,2.6377770831993246,Unresolved,Unresolved
2014-12-01,60,6,Extension LSTM,Transformer,-0.482820307076175,-1.4852025980236443,0.6843004918015503,-2.1104300999135917,1.1447894857612417,Unresolved,Unresolved
2014-12-01,60,3,Extension LSTM,Transformer,-0.482820307076175,-1.6144537533306962,0.862044047033144,-2.0610855532188532,1.095444939066503,Unresolved,Unresolved
2014-12-01,60,12,Extension LSTM,Transformer,-0.482820307076175,-1.0319745568421208,0.2888969450753065,-2.008714655437602,1.0430740412852522,Unresolved,Unresolved
2015-12-01,60,6,Extension LSTM,Transformer,-0.728170873023426,-1.49061722646241,0.438942076215234,-2.3318336294344757,0.8754918833876237,Unresolved,Unresolved
2015-12-01,60,3,Extension LSTM,Transformer,-0.728170873023426,-1.6923297033017934,0.5035365688561942,-2.325826493223692,0.8694847471768395,Unresolved,Unresolved
2015-12-01,60,12,Extension LSTM,Transformer,-0.728170873023426,-1.4783558264197865,0.1854438378426759,-2.3255117465687465,0.8691700005218942,Unresolved,Unresolved
2016-12-01,60,6,Extension LSTM,Transformer,-0.3497529455568897,-1.077452591224747,0.9353055371406888,-1.705560357276712,1.0060544661629325,Unresolved,Unresolved
2016-12-01,60,3,Extension LSTM,Transformer,-0.3497529455568897,-1.0737917594151947,0.8451008441249781,-1.6473966190765341,0.9478907279627546,Unresolved,Unresolved
2016-12-01,60,12,Extension LSTM,Transformer,-0.3497529455568897,-1.1230382784938733,0.8644436128613102,-1.846931005582905,1.1474251144691257,Unresolved,Unresolved
