model,split,months,monthly_sharpe,annualized_sharpe,verified
LS,train,240,2.029042331668511,7.028808818315763,True
LS,validation,60,0.7695884510788398,2.6659325963735716,True
LS,test,300,0.4063920322072464,1.4077832951482365,True
EN,train,240,1.1253970374526088,3.898489695110826,True
EN,validation,60,1.0378384562445997,3.5951778725289913,True
EN,test,300,0.411508440443531,1.4255070531832543,True
FFN,train,240,0.6597240116652557,2.285351014354771,True
FFN,validation,60,0.8519496868731236,2.9512402863132916,True
FFN,test,300,0.5695205852424219,1.9728771791924729,True
GAN–LSTM original,train,240,2.22351533781475,7.702483073007644,True
GAN–LSTM original,validation,60,1.185409024779236,4.106377317336621,True
GAN–LSTM original,test,300,0.6118875676464546,2.119640711366795,True
GAN–LSTM reduced schedule,train,240,1.3075565471334984,4.529508746809097,True
GAN–LSTM reduced schedule,validation,60,0.7501356245004638,2.598546028404425,True
GAN–LSTM reduced schedule,test,300,0.4592932780598603,1.591038586349076,True
GAN–Transformer reduced schedule,train,240,1.0490363605862099,3.633968551044921,True
GAN–Transformer reduced schedule,validation,60,0.5887454786918392,2.039474163641451,True
GAN–Transformer reduced schedule,test,300,0.3044768968453508,1.0547389101341111,True
