window_months,end_year,windows,lstm_mean,transformer_mean,mean_gap,transformer_higher_fraction
36,1994,1,3.5700575294119683,1.3668423147542497,-2.2032152146577184,0.0
36,1995,12,3.5296606675529048,1.8236748369641982,-1.7059858305887061,0.0
36,1996,12,3.3323785313444048,1.9198436272323238,-1.412534904112081,0.0
36,1997,12,3.8826608140005483,2.413972892027971,-1.4686879219725768,0.0
36,1998,12,3.912924354504645,1.7073132119285548,-2.2056111425760907,0.0
36,1999,12,3.7178940659729736,1.3039575174289382,-2.4139365485440356,0.0
36,2000,12,1.0384261611813896,1.0446667679891755,0.006240606807785644,0.4166666666666667
36,2001,12,1.302726199431455,0.932580980106387,-0.37014521932506755,0.08333333333333333
36,2002,12,1.2603591391732982,1.3318972632701853,0.07153812409688708,0.5833333333333334
36,2003,12,2.368261539747305,1.098223477626396,-1.2700380621209095,0.0
36,2004,12,2.4605451217815606,1.3646442907267067,-1.0959008310548541,0.0
36,2005,12,2.5692940923736947,1.550762250701535,-1.0185318416721592,0.0
36,2006,12,3.183404772685787,3.3533970692708785,0.16999229658509205,0.5833333333333334
36,2007,12,2.349311792851578,3.386829528496109,1.037517735644531,1.0
36,2008,12,1.6591249718025074,2.1636059374583634,0.5044809656558553,1.0
36,2009,12,0.8198531081552799,0.24649506763391024,-0.5733580405213697,0.0
36,2010,12,0.715622546334944,-0.28926478499771896,-1.0048873313326632,0.0
36,2011,12,0.6061433949820484,-0.4145047512010884,-1.020648146183137,0.0
36,2012,12,1.071972625218848,0.9499380949175266,-0.1220345303013214,0.4166666666666667
36,2013,12,1.1936708117600194,1.691825280323913,0.4981544685638936,1.0
36,2014,12,1.1495305920677745,1.63800775491176,0.48847716284398573,1.0
36,2015,12,0.8122933821026347,1.7690293909007808,0.9567360087981464,1.0
36,2016,12,0.7474494015800172,1.2994888996005394,0.5520394980205222,1.0
60,1996,1,3.66003541184725,1.833914868926491,-1.8261205429207588,0.0
60,1997,12,3.7292027377763453,1.8947395809006655,-1.8344631568756788,0.0
60,1998,12,3.537217311596466,1.8000754366915046,-1.737141874904962,0.0
60,1999,12,3.635503763509803,1.7011332278062454,-1.934370535703558,0.0
60,2000,12,1.4966501010458593,1.4083688456112287,-0.08828125543463074,0.4166666666666667
60,2001,12,1.6519013526678725,1.061133229007701,-0.590768123660172,0.0
60,2002,12,1.5347706816174556,1.1293930102119885,-0.40537767140546715,0.0
60,2003,12,1.4367385994995725,1.0060671151435925,-0.43067148435597985,0.0
60,2004,12,1.5136533448669962,1.2141822544046714,-0.299471090462325,0.0
60,2005,12,2.5515715901257074,1.2997019907861662,-1.251869599339541,0.0
60,2006,12,2.4490803279538484,1.5587940378767706,-0.8902862900770782,0.0
60,2007,12,2.2718803033829524,1.8649403043102184,-0.40693999907273387,0.16666666666666666
60,2008,12,2.254015603451865,2.5907840881350417,0.3367684846831769,1.0
60,2009,12,1.3138970319064074,0.7764612424742877,-0.5374357894321197,0.0
60,2010,12,0.9593336756849854,0.333534376610483,-0.6257992990745024,0.0
60,2011,12,0.7235871407591771,0.24349851191674352,-0.48008862884243375,0.0
60,2012,12,0.8656791164738245,0.24008621453545229,-0.6255929019383722,0.0
60,2013,12,0.8751539988750464,0.17031556968886952,-0.7048384291861769,0.0
60,2014,12,0.9240681608681837,0.9691367710639144,0.04506861019573086,0.4166666666666667
60,2015,12,0.9915990038996788,1.78548671174703,0.7938877078473512,1.0
60,2016,12,1.029456960537743,1.4712204781411196,0.44176351760337657,1.0
