date,window_months,transformer_minus_lstm_sharpe
1994-12-01,36,-2.2032152146577184
1995-01-01,36,-2.287291310273812
1995-02-01,36,-2.336175768813179
1995-03-01,36,-2.1966729979569886
1995-04-01,36,-2.193134778858204
1995-05-01,36,-2.040042784825567
1995-06-01,36,-1.62760448920148
1995-07-01,36,-1.5102473195023705
1995-08-01,36,-1.2944621693631306
1995-09-01,36,-1.3624082047558836
1995-10-01,36,-1.2931232788771103
1995-11-01,36,-1.1815043045277545
1995-12-01,36,-1.1491625601089908
1996-01-01,36,-1.232977851971543
1996-02-01,36,-1.1664802074854124
1996-03-01,36,-1.2080865095037592
1996-04-01,36,-1.3285709084663986
1996-05-01,36,-1.4904405571269455
1996-06-01,36,-1.5299509528205202
1996-07-01,36,-1.3758001233193875
1996-08-01,36,-1.530905324353174
1996-09-01,36,-1.4673203147220784
1996-10-01,36,-1.5289282931414805
1996-11-01,36,-1.5783294954820728
1996-12-01,36,-1.5126283109521954
1997-01-01,36,-1.7664348087884512
1997-02-01,36,-1.4912302580704058
1997-03-01,36,-1.256309206253766
1997-04-01,36,-1.227984207463198
1997-05-01,36,-1.2717670181734295
1997-06-01,36,-1.3491595102492262
1997-07-01,36,-1.393030549904978
1997-08-01,36,-1.5122472345887372
1997-09-01,36,-1.5206710218981154
1997-10-01,36,-1.7063855521642597
1997-11-01,36,-1.709417423161586
1997-12-01,36,-1.4196182729547693
1998-01-01,36,-1.6484968506106696
1998-02-01,36,-1.6400809019329246
1998-03-01,36,-1.7028030689794997
1998-04-01,36,-1.7935259954192073
1998-05-01,36,-1.8827920282728494
1998-06-01,36,-2.213636124046489
1998-07-01,36,-2.260552275929107
1998-08-01,36,-2.4547232328129835
1998-09-01,36,-2.5754796681031884
1998-10-01,36,-2.7294109103986672
1998-11-01,36,-2.7728083355434503
1998-12-01,36,-2.793024318864055
1999-01-01,36,-2.7216957670386224
1999-02-01,36,-2.518958521009696
1999-03-01,36,-2.718154768783978
1999-04-01,36,-2.70809400024259
1999-05-01,36,-2.616054672833367
1999-06-01,36,-2.5171489191931347
1999-07-01,36,-2.6020509540059855
1999-08-01,36,-2.466252531709464
1999-09-01,36,-2.3185903274114112
1999-10-01,36,-2.396875046775043
1999-11-01,36,-2.056706778751664
1999-12-01,36,-1.32665629477347
2000-01-01,36,-1.0741908158433648
2000-02-01,36,-0.05750664534589989
2000-03-01,36,-0.03371912329768956
2000-04-01,36,-0.15716298795394623
2000-05-01,36,-0.09134428915856385
2000-06-01,36,-0.12304887771204998
2000-07-01,36,-0.08494147471782387
2000-08-01,36,0.24240207526911217
2000-09-01,36,0.39256606780508563
2000-10-01,36,0.4172121262918892
2000-11-01,36,0.3666787513571428
2000-12-01,36,0.2779424749995363
2001-01-01,36,-0.6055635925538216
2001-02-01,36,-0.5321797131763594
2001-03-01,36,-0.5325508179774484
2001-04-01,36,-0.5359734160809734
2001-05-01,36,-0.5076438766980242
2001-06-01,36,-0.4824630602234927
2001-07-01,36,-0.3856854539488881
2001-08-01,36,-0.14175587116581556
2001-09-01,36,0.08537681589480939
2001-10-01,36,-0.0957512385692969
2001-11-01,36,-0.3553556342169176
2001-12-01,36,-0.352196773184582
2002-01-01,36,-0.29548737802228997
2002-02-01,36,-0.21805318843764665
2002-03-01,36,-0.17334191448394276
2002-04-01,36,-0.04494013527650087
2002-05-01,36,0.022039780315183055
2002-06-01,36,0.18494920939686166
2002-07-01,36,0.4213220848910084
2002-08-01,36,0.3814266863806217
2002-09-01,36,0.44185508891792735
2002-10-01,36,0.3159873272497611
2002-11-01,36,0.008610130615166023
2002-12-01,36,-0.1859102023835042
2003-01-01,36,-0.23735198240176025
2003-02-01,36,-1.1832697563751322
2003-03-01,36,-1.0124109051676669
2003-04-01,36,-0.966215477330788
2003-05-01,36,-1.1902336543991854
2003-06-01,36,-1.3175849895251968
2003-07-01,36,-1.3353427695973816
2003-08-01,36,-1.7761775917097835
2003-09-01,36,-1.717473753329215
2003-10-01,36,-1.573335834684974
2003-11-01,36,-1.436329992661359
2003-12-01,36,-1.4947300382684707
2004-01-01,36,-0.8011383154659257
2004-02-01,36,-1.0293269865146328
2004-03-01,36,-1.0942386551820749
2004-04-01,36,-1.0115877870047911
2004-05-01,36,-1.0093047681255127
2004-06-01,36,-1.0476261685226618
2004-07-01,36,-1.1740075500808993
2004-08-01,36,-1.3785291543533367
2004-09-01,36,-1.6642595451163367
2004-10-01,36,-1.265527492711147
2004-11-01,36,-0.9464022175442848
2004-12-01,36,-0.7288613320366453
2005-01-01,36,-0.7332220756807153
2005-02-01,36,-0.7875413467258257
2005-03-01,36,-0.7536266805242517
2005-04-01,36,-0.9770301533267187
2005-05-01,36,-0.9164240059106326
2005-06-01,36,-1.1643932659950942
2005-07-01,36,-1.598829704182523
2005-08-01,36,-1.5512463464283248
2005-09-01,36,-1.8403447039058092
2005-10-01,36,-1.5250656550741872
2005-11-01,36,-0.2502090971156452
2005-12-01,36,-0.12444906519618426
2006-01-01,36,0.1972373781097252
2006-02-01,36,0.12833438096542782
2006-03-01,36,-0.11765574590103611
2006-04-01,36,-0.1527175489153545
2006-05-01,36,-0.4343333101229896
2006-06-01,36,-0.06599403772527657
2006-07-01,36,-0.08395310542688827
2006-08-01,36,0.4186042101881
2006-09-01,36,0.6073030613367871
2006-10-01,36,0.66296293775827
2006-11-01,36,0.41710362319096506
2006-12-01,36,0.46301571556337473
2007-01-01,36,0.7143638311236815
2007-02-01,36,0.6907046576384919
2007-03-01,36,1.00990069618718
2007-04-01,36,1.1758934017895881
2007-05-01,36,1.5074405063702359
2007-06-01,36,1.2276096397176985
2007-07-01,36,0.8165966735639989
2007-08-01,36,0.9993473581312005
2007-09-01,36,1.135778664838952
2007-10-01,36,1.2219550846822382
2007-11-01,36,1.156855707767922
2007-12-01,36,0.7937666059231865
2008-01-01,36,0.12174833693004183
2008-02-01,36,0.10544868725794476
2008-03-01,36,0.29707132166058337
2008-04-01,36,0.38384816038691394
2008-05-01,36,0.32201977799428994
2008-06-01,36,0.6803517523319531
2008-07-01,36,0.6675146917341492
2008-08-01,36,1.0260894686666855
2008-09-01,36,1.4676055951311227
2008-10-01,36,0.6028068576773086
2008-11-01,36,0.2044805758714603
2008-12-01,36,0.1747863622278114
2009-01-01,36,-0.4058211096632631
2009-02-01,36,-0.6114422946370776
2009-03-01,36,-0.6907339587817511
2009-04-01,36,-0.46768744501833226
2009-05-01,36,-0.35260090793543397
2009-06-01,36,-0.4111996451651687
2009-07-01,36,-0.4788556094759192
2009-08-01,36,-0.6445712347720405
2009-09-01,36,-0.7607217134398861
2009-10-01,36,-0.7695562493760385
2009-11-01,36,-0.6679698626238451
2009-12-01,36,-0.6191364553676793
2010-01-01,36,-0.8127778469783323
2010-02-01,36,-0.7729591945408757
2010-03-01,36,-0.8966739125793151
2010-04-01,36,-1.0373219028586012
2010-05-01,36,-1.2646118122809895
2010-06-01,36,-1.1655299700365946
2010-07-01,36,-1.04623228407669
2010-08-01,36,-1.1536107995205769
2010-09-01,36,-1.040790094685818
2010-10-01,36,-1.0338301216938852
2010-11-01,36,-0.9742995890827334
2010-12-01,36,-0.8600104476575452
2011-01-01,36,-0.8018247392043417
2011-02-01,36,-0.809217372767467
2011-03-01,36,-0.8207094495197578
2011-04-01,36,-0.750331705598374
2011-05-01,36,-0.7400573173900464
2011-06-01,36,-0.8198235771774711
2011-07-01,36,-1.0652168827300266
2011-08-01,36,-1.3285062101202763
2011-09-01,36,-1.667944770697173
2011-10-01,36,-1.3914603097847649
2011-11-01,36,-1.0836825915564363
2011-12-01,36,-0.9690028276515059
2012-01-01,36,-0.6031838226289703
2012-02-01,36,-0.419914861414278
2012-03-01,36,-0.2918518080736761
2012-04-01,36,-0.4047690936239198
2012-05-01,36,-0.4598285630524047
2012-06-01,36,-0.17352363561905693
2012-07-01,36,-0.05111986611809394
2012-08-01,36,0.29424755006340875
2012-09-01,36,0.337730677542202
2012-10-01,36,0.18902096808095337
2012-11-01,36,0.09427500868040584
2012-12-01,36,0.024503082547573163
2013-01-01,36,0.25276847522036605
2013-02-01,36,0.19837976710777339
2013-03-01,36,0.41694268820179636
2013-04-01,36,0.8463306556640242
2013-05-01,36,0.788786874332178
2013-06-01,36,0.7714458269173248
2013-07-01,36,0.5619721857643072
2013-08-01,36,0.544714155329455
2013-09-01,36,0.46219074096473145
2013-10-01,36,0.29110671246652675
2013-11-01,36,0.5106562449958731
2013-12-01,36,0.33255929580236665
2014-01-01,36,0.11029672933657952
2014-02-01,36,0.19943064547027323
2014-03-01,36,0.1765490623870094
2014-04-01,36,0.11718816189747594
2014-05-01,36,0.1458541031728151
2014-06-01,36,0.21736270719120543
2014-07-01,36,0.3823254998774266
2014-08-01,36,0.6162192422031363
2014-09-01,36,0.6592074883244832
2014-10-01,36,0.9587094224228032
2014-11-01,36,1.0657394860869682
2014-12-01,36,1.2128434057576525
2015-01-01,36,1.188860482680195
2015-02-01,36,1.011595352112185
2015-03-01,36,1.0012684475683198
2015-04-01,36,0.7192336244805251
2015-05-01,36,0.8598496185020323
2015-06-01,36,0.7035519245075481
2015-07-01,36,0.9463909836734608
2015-08-01,36,0.8075387258167408
2015-09-01,36,0.8274624521476174
2015-10-01,36,1.1196082614893037
2015-11-01,36,1.2348711747416092
2015-12-01,36,1.0606010578582175
2016-01-01,36,1.1544956787175593
2016-02-01,36,1.0328310282508095
2016-03-01,36,0.6618907396530043
2016-04-01,36,0.5213607966312195
2016-05-01,36,0.609888319134241
2016-06-01,36,0.39998217924313795
2016-07-01,36,0.465712858130538
2016-08-01,36,0.4436962811750762
2016-09-01,36,0.40987758537423424
2016-10-01,36,0.39497378529563887
2016-11-01,36,0.27817470211565576
2016-12-01,36,0.25159002252515184
1996-12-01,60,-1.8261205429207588
1997-01-01,60,-1.9954476021629222
1997-02-01,60,-1.9429666956957108
1997-03-01,60,-1.929457516669437
1997-04-01,60,-1.9349088907014635
1997-05-01,60,-1.8926614059804403
1997-06-01,60,-1.8343386229163312
1997-07-01,60,-1.7356368187003568
1997-08-01,60,-1.739366761454983
1997-09-01,60,-1.8335645632412672
1997-10-01,60,-1.8620227471742579
1997-11-01,60,-1.7296093009940166
1997-12-01,60,-1.5835769568169589
1998-01-01,60,-1.720185582715164
1998-02-01,60,-1.648418289411352
1998-03-01,60,-1.6615736106400285
1998-04-01,60,-1.661978310449801
1998-05-01,60,-1.6142371739857369
1998-06-01,60,-1.5997883654769647
1998-07-01,60,-1.5489657543366615
1998-08-01,60,-1.682212432226728
1998-09-01,60,-1.7896932717531495
1998-10-01,60,-1.9442124031519314
1998-11-01,60,-1.9775425652017173
1998-12-01,60,-1.9968947395103103
1999-01-01,60,-2.030184899569995
1999-02-01,60,-1.9620300605957455
1999-03-01,60,-1.9716950617281166
1999-04-01,60,-1.9612547859135407
1999-05-01,60,-2.0671087419796503
1999-06-01,60,-2.082980191999642
1999-07-01,60,-2.1689607606995454
1999-08-01,60,-2.1261086361350414
1999-09-01,60,-1.8952172964292444
1999-10-01,60,-2.0089315231049483
1999-11-01,60,-1.8516501469548592
1999-12-01,60,-1.0863243233323654
2000-01-01,60,-1.0275870049099156
2000-02-01,60,0.06406360229500807
2000-03-01,60,0.014516264771491816
2000-04-01,60,-0.06682100828271964
2000-05-01,60,-0.01242987877376689
2000-06-01,60,-0.07213399854565483
2000-07-01,60,-0.06868519778164561
2000-08-01,60,0.06113272225331512
2000-09-01,60,0.09047607493274268
2000-10-01,60,0.024218968265242058
2000-11-01,60,-0.021157440739245192
2000-12-01,60,-0.04496816870042175
2001-01-01,60,-0.7640358805741709
2001-02-01,60,-0.7031910354827542
2001-03-01,60,-0.6932223130283636
2001-04-01,60,-0.6785283271132978
2001-05-01,60,-0.5949109194250104
2001-06-01,60,-0.5540047622610507
2001-07-01,60,-0.5129240462632758
2001-08-01,60,-0.41248133583232804
2001-09-01,60,-0.3073843852503164
2001-10-01,60,-0.4893935929239852
2001-11-01,60,-0.6629215593498902
2001-12-01,60,-0.7162193264176194
2002-01-01,60,-0.6461485472884099
2002-02-01,60,-0.5593826236881081
2002-03-01,60,-0.5692733480282084
2002-04-01,60,-0.49555574987679085
2002-05-01,60,-0.4874512630403183
2002-06-01,60,-0.3907311025476423
2002-07-01,60,-0.2524452091346825
2002-08-01,60,-0.2528498286185099
2002-09-01,60,-0.11312778847392702
2002-10-01,60,-0.2040405485249559
2002-11-01,60,-0.4088260881962358
2002-12-01,60,-0.4846999594478181
2003-01-01,60,-0.4508998852710582
2003-02-01,60,-0.39778776829774554
2003-03-01,60,-0.3473150542394845
2003-04-01,60,-0.3553097789730608
2003-05-01,60,-0.4458607942949351
2003-06-01,60,-0.5036429933449379
2003-07-01,60,-0.5168640744549006
2003-08-01,60,-0.5169839503904611
2003-09-01,60,-0.45927141017431095
2003-10-01,60,-0.3924710367424393
2003-11-01,60,-0.3890234925425331
2003-12-01,60,-0.3926275735458906
2004-01-01,60,-0.347173539683326
2004-02-01,60,-0.3679557665823314
2004-03-01,60,-0.3470340398014349
2004-04-01,60,-0.3277625897581353
2004-05-01,60,-0.2857122768248139
2004-06-01,60,-0.2636165150960852
2004-07-01,60,-0.2491966452780341
2004-08-01,60,-0.25534531498008284
2004-09-01,60,-0.25449855663837684
2004-10-01,60,-0.219484799928648
2004-11-01,60,-0.289686976847344
2004-12-01,60,-0.38618606412928735
2005-01-01,60,-0.3968881045186814
2005-02-01,60,-1.2390730275092365
2005-03-01,60,-1.2444636974806196
2005-04-01,60,-1.2543581219116096
2005-05-01,60,-1.269546359183998
2005-06-01,60,-1.2974789611158155
2005-07-01,60,-1.2549353796621172
2005-08-01,60,-1.4974526655131506
2005-09-01,60,-1.4666956406948999
2005-10-01,60,-1.417129336805206
2005-11-01,60,-1.341501437724415
2005-12-01,60,-1.342912459954743
2006-01-01,60,-0.7003971335914727
2006-02-01,60,-0.8696564740260493
2006-03-01,60,-0.8513323256774514
2006-04-01,60,-0.8408592451979453
2006-05-01,60,-0.9534262026722231
2006-06-01,60,-0.9644075024242331
2006-07-01,60,-1.0304740910931172
2006-08-01,60,-1.1079234343104762
2006-09-01,60,-1.2442010901344929
2006-10-01,60,-0.9025706919952008
2006-11-01,60,-0.6210482644277515
2006-12-01,60,-0.597139025374525
2007-01-01,60,-0.5149709875507871
2007-02-01,60,-0.5690385144352623
2007-03-01,60,-0.4706219268190657
2007-04-01,60,-0.4405305790237377
2007-05-01,60,-0.29790626146956445
2007-06-01,60,-0.46137617916543316
2007-07-01,60,-0.8738095618411377
2007-08-01,60,-0.7402579398980971
2007-09-01,60,-0.8597618998326046
2007-10-01,60,-0.5149684141402338
2007-11-01,60,0.381432489501758
2007-12-01,60,0.4785297858013591
2008-01-01,60,0.22569155841455668
2008-02-01,60,0.14986957450049987
2008-03-01,60,0.027536614690397254
2008-04-01,60,0.09596258721968409
2008-05-01,60,0.21994855669985824
2008-06-01,60,0.4358522628443886
2008-07-01,60,0.456879525350232
2008-08-01,60,0.8488784186855547
2008-09-01,60,1.1625422405204069
2008-10-01,60,0.2800710802538313
2008-11-01,60,0.06883391794578886
2008-12-01,60,0.06915547907292496
2009-01-01,60,-0.3885704782627115
2009-02-01,60,-0.572502244126081
2009-03-01,60,-0.5622408729476607
2009-04-01,60,-0.43733614679236354
2009-05-01,60,-0.4512630423700099
2009-06-01,60,-0.4888568045060826
2009-07-01,60,-0.5017632548036813
2009-08-01,60,-0.6071799441910107
2009-09-01,60,-0.6699963536356118
2009-10-01,60,-0.6438210556901679
2009-11-01,60,-0.5464566316430012
2009-12-01,60,-0.5792426442170546
2010-01-01,60,-0.6666800770971495
2010-02-01,60,-0.6733217025783689
2010-03-01,60,-0.6996181821081234
2010-04-01,60,-0.6656491900503454
2010-05-01,60,-0.7376792722933123
2010-06-01,60,-0.6789353565307406
2010-07-01,60,-0.6717464671335629
2010-08-01,60,-0.6803024523908472
2010-09-01,60,-0.5623945245708537
2010-10-01,60,-0.491704452086554
2010-11-01,60,-0.5359820484364545
2010-12-01,60,-0.4455778636177158
2011-01-01,60,-0.516525988984982
2011-02-01,60,-0.5284338550841012
2011-03-01,60,-0.5241362383411079
2011-04-01,60,-0.4445242552693792
2011-05-01,60,-0.32814827304875127
2011-06-01,60,-0.3166059373118871
2011-07-01,60,-0.3431358245055154
2011-08-01,60,-0.4535989755451526
2011-09-01,60,-0.5595561341022824
2011-10-01,60,-0.625544459535307
2011-11-01,60,-0.5789140893111815
2011-12-01,60,-0.541939515069556
2012-01-01,60,-0.5759573405959115
2012-02-01,60,-0.5512508953154726
2012-03-01,60,-0.5535969374542264
2012-04-01,60,-0.5960837249235732
2012-05-01,60,-0.7462346931824502
2012-06-01,60,-0.6033167685468306
2012-07-01,60,-0.5399091104223195
2012-08-01,60,-0.6077995950607871
2012-09-01,60,-0.6602056654632413
2012-10-01,60,-0.7304763463910986
2012-11-01,60,-0.6805153647607474
2012-12-01,60,-0.6617683811438074
2013-01-01,60,-0.605782813532098
2013-02-01,60,-0.6151820365568684
2013-03-01,60,-0.6012816411284987
2013-04-01,60,-0.566404223958572
2013-05-01,60,-0.6200282434491904
2013-06-01,60,-0.6778712724234702
2013-07-01,60,-0.803033753754474
2013-08-01,60,-0.9250201839394119
2013-09-01,60,-1.0502488004560935
2013-10-01,60,-0.8549519046161131
2013-11-01,60,-0.5951205297128184
2013-12-01,60,-0.5431357467065139
2014-01-01,60,-0.3814190379240012
2014-02-01,60,-0.2511668214429952
2014-03-01,60,-0.1913123099646714
2014-04-01,60,-0.25081745461412563
2014-05-01,60,-0.18797386885287237
2014-06-01,60,-0.08578058025774837
2014-07-01,60,-0.0403219292306739
2014-08-01,60,0.33090367286936306
2014-09-01,60,0.31513459614641937
2014-10-01,60,0.40517372277486907
2014-11-01,60,0.3955830257690338
2014-12-01,60,0.48282030707617296
2015-01-01,60,0.6712509922395221
2015-02-01,60,0.5613691855272327
2015-03-01,60,0.6855670074615486
2015-04-01,60,0.7429044671265289
2015-05-01,60,0.8739249101407035
2015-06-01,60,0.8901965757711794
2015-07-01,60,0.9753407265230841
2015-08-01,60,0.8841626366188026
2015-09-01,60,0.7674750225577205
2015-10-01,60,0.8294502676269919
2015-11-01,60,0.9168398295514781
2015-12-01,60,0.7281708730234231
2016-01-01,60,0.8245013636734673
2016-02-01,60,0.8024304486448162
2016-03-01,60,0.5672523073976214
2016-04-01,60,0.36428825785319097
2016-05-01,60,0.34765966143984706
2016-06-01,60,0.22136706166849152
2016-07-01,60,0.2872770327870222
2016-08-01,60,0.3166566680209242
2016-09-01,60,0.41642931611470657
2016-10-01,60,0.4074796029151456
2016-11-01,60,0.3960675451683975
2016-12-01,60,0.34975294555688896
