architecture,seed,stage,epoch,loss,adversary_selection_loss
LSTM,42,1,1,0.2811635434627533,
LSTM,42,1,2,0.21124623715877533,
LSTM,42,1,3,0.15121254324913025,
LSTM,42,1,4,0.10238137096166611,
LSTM,42,1,5,0.06358245015144348,
LSTM,42,1,6,0.03444254398345947,
LSTM,42,1,7,0.01483615580946207,
LSTM,42,1,8,0.0036460035480558872,
LSTM,42,1,9,0.00015934515977278352,
LSTM,42,1,10,0.002933235140517354,
LSTM,42,1,11,0.00960138812661171,
LSTM,42,1,12,0.017175158485770226,
LSTM,42,1,13,0.023301301524043083,
LSTM,42,1,14,0.02672690339386463,
LSTM,42,1,15,0.026791395619511604,
LSTM,42,1,16,0.02435334026813507,
LSTM,42,1,17,0.020334985107183456,
LSTM,42,1,18,0.0153826754540205,
LSTM,42,1,19,0.01082274317741394,
LSTM,42,1,20,0.006778821349143982,
LSTM,42,1,21,0.003686488838866353,
LSTM,42,1,22,0.001562106772325933,
LSTM,42,1,23,0.0004275812825653702,
LSTM,42,1,24,9.546757792122662e-05,
LSTM,42,1,25,0.0003538024320732802,
LSTM,42,1,26,0.001004181569442153,
LSTM,42,1,27,0.0018097154097631574,
LSTM,42,1,28,0.002611147938296199,
LSTM,42,1,29,0.0032491860911250114,
LSTM,42,1,30,0.0038293979596346617,
LSTM,42,1,31,0.004069043323397636,
LSTM,42,1,32,0.004045750014483929,
LSTM,42,1,33,0.0038037351332604885,
LSTM,42,1,34,0.003354824846610427,
LSTM,42,1,35,0.0028290601912885904,
LSTM,42,1,36,0.002199905226007104,
LSTM,42,1,37,0.0016535172471776605,
LSTM,42,1,38,0.001098165987059474,
LSTM,42,1,39,0.000669804634526372,
LSTM,42,1,40,0.0003389673074707389,
LSTM,42,1,41,0.00015598715981468558,
LSTM,42,1,42,8.352386066690087e-05,
LSTM,42,1,43,0.0001175518409581855,
LSTM,42,1,44,0.00022617177455686033,
LSTM,42,1,45,0.00035000345087610185,
LSTM,42,1,46,0.0005304919322952628,
LSTM,42,1,47,0.0006554141873493791,
LSTM,42,1,48,0.0007236715173348784,
LSTM,42,1,49,0.0007700455607846379,
LSTM,42,1,50,0.0007221995620056987,
LSTM,42,1,51,0.0006533507257699966,
LSTM,42,1,52,0.0005782571388408542,
LSTM,42,1,53,0.0004255393287166953,
LSTM,42,1,54,0.00032074711634777486,
LSTM,42,1,55,0.00024212464632000774,
LSTM,42,1,56,0.0001553612237330526,
LSTM,42,1,57,9.950872481567785e-05,
LSTM,42,1,58,8.172159141395241e-05,
LSTM,42,1,59,8.491569315083325e-05,
LSTM,42,1,60,9.920354204950854e-05,
LSTM,42,1,61,0.00012957585568074137,
LSTM,42,1,62,0.0001505620457464829,
LSTM,42,1,63,0.00018437036487739533,
LSTM,42,1,64,0.00019599740335252136,
LSTM,42,1,65,0.00020965287694707513,
LSTM,42,1,66,0.0002017593360505998,
LSTM,42,1,67,0.00019341784354764968,
LSTM,42,1,68,0.00018162382184527814,
LSTM,42,1,69,0.0001487100380472839,
LSTM,42,1,70,0.00013030906848143786,
LSTM,42,1,71,0.00010570370795903727,
LSTM,42,1,72,8.242221520049497e-05,
LSTM,42,1,73,7.684497541049495e-05,
LSTM,42,1,74,7.727674528723583e-05,
LSTM,42,1,75,7.491782889701426e-05,
LSTM,42,1,76,8.893631456885487e-05,
LSTM,42,1,77,9.453544043935835e-05,
LSTM,42,1,78,9.920802403939888e-05,
LSTM,42,1,79,9.662894444772974e-05,
LSTM,42,1,80,0.00010530963481869549,
LSTM,42,1,81,9.884191968012601e-05,
LSTM,42,1,82,9.446519106859341e-05,
LSTM,42,1,83,9.50245012063533e-05,
LSTM,42,1,84,8.744946535443887e-05,
LSTM,42,1,85,8.342664659721777e-05,
LSTM,42,1,86,7.628080493304878e-05,
LSTM,42,1,87,7.300462311832234e-05,
LSTM,42,1,88,7.242932770168409e-05,
LSTM,42,1,89,6.9149122282397e-05,
LSTM,42,1,90,7.316670962609351e-05,
LSTM,42,1,91,7.560741505585611e-05,
LSTM,42,1,92,7.56379813537933e-05,
LSTM,42,1,93,7.562149403383955e-05,
LSTM,42,1,94,7.663030555704609e-05,
LSTM,42,1,95,7.508536509703845e-05,
LSTM,42,1,96,7.473903679056093e-05,
LSTM,42,1,97,7.399922469630837e-05,
LSTM,42,1,98,7.416854350594804e-05,
LSTM,42,1,99,7.077348709572107e-05,
LSTM,42,1,100,6.879447028040886e-05,
LSTM,42,1,101,6.894856778671965e-05,
LSTM,42,1,102,6.964997010072693e-05,
LSTM,42,1,103,6.846282485639676e-05,
LSTM,42,1,104,6.854777166154236e-05,
LSTM,42,1,105,6.706936983391643e-05,
LSTM,42,1,106,6.657865742454305e-05,
LSTM,42,1,107,6.887222116347402e-05,
LSTM,42,1,108,6.643631058977917e-05,
LSTM,42,1,109,6.696173659292981e-05,
LSTM,42,1,110,6.929108349140733e-05,
LSTM,42,1,111,6.591308192582801e-05,
LSTM,42,1,112,6.794698856538162e-05,
LSTM,42,1,113,6.590427801711485e-05,
LSTM,42,1,114,6.673385360045359e-05,
LSTM,42,1,115,6.462794408435002e-05,
LSTM,42,1,116,6.903096073074266e-05,
LSTM,42,1,117,6.404959276551381e-05,
LSTM,42,1,118,6.347236194415018e-05,
LSTM,42,1,119,6.61715239402838e-05,
LSTM,42,1,120,6.54034229228273e-05,
LSTM,42,1,121,6.678749923594296e-05,
LSTM,42,1,122,6.537639274029061e-05,
LSTM,42,1,123,6.47471533739008e-05,
LSTM,42,1,124,6.56453994452022e-05,
LSTM,42,1,125,6.315931386779994e-05,
LSTM,42,1,126,6.380491686286405e-05,
LSTM,42,1,127,6.156388553790748e-05,
LSTM,42,1,128,6.242407107492909e-05,
LSTM,42,1,129,6.229802238522097e-05,
LSTM,42,1,130,6.404273153748363e-05,
LSTM,42,1,131,6.144125654827803e-05,
LSTM,42,1,132,6.169894913909957e-05,
LSTM,42,1,133,6.108728848630562e-05,
LSTM,42,1,134,6.442539597628638e-05,
LSTM,42,1,135,6.107323133619502e-05,
LSTM,42,1,136,6.232638406800106e-05,
LSTM,42,1,137,6.453791866078973e-05,
LSTM,42,1,138,6.28707857686095e-05,
LSTM,42,1,139,6.183391815284267e-05,
LSTM,42,1,140,6.400293204933405e-05,
LSTM,42,1,141,6.044868132448755e-05,
LSTM,42,1,142,6.033375029801391e-05,
LSTM,42,1,143,6.0702397604472935e-05,
LSTM,42,1,144,6.004509486956522e-05,
LSTM,42,1,145,6.119623139966279e-05,
LSTM,42,1,146,6.180072523420677e-05,
LSTM,42,1,147,5.872511610505171e-05,
LSTM,42,1,148,5.752401193603873e-05,
LSTM,42,1,149,6.118127203080803e-05,
LSTM,42,1,150,6.044527253834531e-05,
LSTM,42,1,151,6.202649819897488e-05,
LSTM,42,1,152,5.862604302819818e-05,
LSTM,42,1,153,5.91644857195206e-05,
LSTM,42,1,154,5.898090603295714e-05,
LSTM,42,1,155,5.823540413985029e-05,
LSTM,42,1,156,6.013293386786245e-05,
LSTM,42,1,157,5.959239570074715e-05,
LSTM,42,1,158,5.9083307860419154e-05,
LSTM,42,1,159,5.691601108992472e-05,
LSTM,42,1,160,5.813822281197645e-05,
LSTM,42,1,161,5.846813655807637e-05,
LSTM,42,1,162,5.870454333489761e-05,
LSTM,42,1,163,5.9473950386745855e-05,
LSTM,42,1,164,5.871348184882663e-05,
LSTM,42,1,165,5.8497498685028404e-05,
LSTM,42,1,166,5.6868222600314766e-05,
LSTM,42,1,167,5.802619853056967e-05,
LSTM,42,1,168,5.826688720844686e-05,
LSTM,42,1,169,5.8003330195788294e-05,
LSTM,42,1,170,5.682633855030872e-05,
LSTM,42,1,171,5.633291948470287e-05,
LSTM,42,1,172,5.565502215176821e-05,
LSTM,42,1,173,5.849946683156304e-05,
LSTM,42,1,174,5.6338456488447264e-05,
LSTM,42,1,175,5.691924525308423e-05,
LSTM,42,1,176,5.84015688218642e-05,
LSTM,42,1,177,5.5525833886349574e-05,
LSTM,42,1,178,5.672082625096664e-05,
LSTM,42,1,179,5.670719110639766e-05,
LSTM,42,1,180,5.3393570851767436e-05,
LSTM,42,1,181,5.600276926998049e-05,
LSTM,42,1,182,5.625127596431412e-05,
LSTM,42,1,183,5.547128967009485e-05,
LSTM,42,1,184,5.447930016089231e-05,
LSTM,42,1,185,5.672182669513859e-05,
LSTM,42,1,186,5.701150439563207e-05,
LSTM,42,1,187,5.7154793466906995e-05,
LSTM,42,1,188,5.517904719454236e-05,
LSTM,42,1,189,5.528387555386871e-05,
LSTM,42,1,190,5.408960714703426e-05,
LSTM,42,1,191,5.3819388995179906e-05,
LSTM,42,1,192,5.309900734573603e-05,
LSTM,42,1,193,5.362481533666141e-05,
LSTM,42,1,194,5.610254083876498e-05,
LSTM,42,1,195,5.366943514673039e-05,
LSTM,42,1,196,5.4717489547329023e-05,
LSTM,42,1,197,5.4024076234782115e-05,
LSTM,42,1,198,5.403834438766353e-05,
LSTM,42,1,199,5.39696920895949e-05,
LSTM,42,1,200,5.2023184252902865e-05,
LSTM,42,1,201,5.444613998406567e-05,
LSTM,42,1,202,5.4157884733285755e-05,
LSTM,42,1,203,5.26668009115383e-05,
LSTM,42,1,204,5.267451342660934e-05,
LSTM,42,1,205,5.409091681940481e-05,
LSTM,42,1,206,5.269888060865924e-05,
LSTM,42,1,207,5.337003312888555e-05,
LSTM,42,1,208,5.326249811332673e-05,
LSTM,42,1,209,5.340593270375393e-05,
LSTM,42,1,210,5.342698932508938e-05,
LSTM,42,1,211,5.095249798614532e-05,
LSTM,42,1,212,5.24190254509449e-05,
LSTM,42,1,213,5.19380955665838e-05,
LSTM,42,1,214,5.289874388836324e-05,
LSTM,42,1,215,5.024691199650988e-05,
LSTM,42,1,216,5.2355324442032725e-05,
LSTM,42,1,217,5.105757009005174e-05,
LSTM,42,1,218,5.134240200277418e-05,
LSTM,42,1,219,5.20973298989702e-05,
LSTM,42,1,220,5.007279469282366e-05,
LSTM,42,1,221,5.1016999350395054e-05,
LSTM,42,1,222,5.208767834119499e-05,
LSTM,42,1,223,5.225261702435091e-05,
LSTM,42,1,224,4.9955346185015514e-05,
LSTM,42,1,225,5.048163438914344e-05,
LSTM,42,1,226,5.0769154768204316e-05,
LSTM,42,1,227,5.1241509936517105e-05,
LSTM,42,1,228,5.346991019905545e-05,
LSTM,42,1,229,5.127701297169551e-05,
LSTM,42,1,230,4.9898153520189226e-05,
LSTM,42,1,231,5.0950900913449004e-05,
LSTM,42,1,232,4.950331640429795e-05,
LSTM,42,1,233,5.033853085478768e-05,
LSTM,42,1,234,5.02181428601034e-05,
LSTM,42,1,235,5.009812957723625e-05,
LSTM,42,1,236,4.887464820058085e-05,
LSTM,42,1,237,5.210629751672968e-05,
LSTM,42,1,238,4.849113611271605e-05,
LSTM,42,1,239,4.976685158908367e-05,
LSTM,42,1,240,4.9800557462731376e-05,
LSTM,42,1,241,5.037279333919287e-05,
LSTM,42,1,242,4.905299283564091e-05,
LSTM,42,1,243,5.190371666685678e-05,
LSTM,42,1,244,4.949155481881462e-05,
LSTM,42,1,245,4.8796871851664037e-05,
LSTM,42,1,246,4.846493902732618e-05,
LSTM,42,1,247,4.934863682137802e-05,
LSTM,42,1,248,4.9359616241417825e-05,
LSTM,42,1,249,4.828803503187373e-05,
LSTM,42,1,250,4.76828427053988e-05,
LSTM,42,1,251,4.765716948895715e-05,
LSTM,42,1,252,5.011796019971371e-05,
LSTM,42,1,253,4.895297752227634e-05,
LSTM,42,1,254,4.8728110414231196e-05,
LSTM,42,1,255,4.7602839913452044e-05,
LSTM,42,1,256,4.934222670271993e-05,
LSTM,42,2,1,1.515463645773707e-05,1.695292849035468e-05
LSTM,42,2,2,1.695292849035468e-05,1.9085477106273174e-05
LSTM,42,2,3,1.9085477106273174e-05,2.158911775040906e-05
LSTM,42,2,4,2.158911775040906e-05,2.450412284815684e-05
LSTM,42,2,5,2.450412284815684e-05,2.7873933504451998e-05
LSTM,42,2,6,2.7873933504451998e-05,3.1743504223413765e-05
LSTM,42,2,7,3.1743504223413765e-05,3.615925379563123e-05
LSTM,42,2,8,3.615925379563123e-05,4.1172519559040666e-05
LSTM,42,2,9,4.1172519559040666e-05,4.684480154537596e-05
LSTM,42,2,10,4.684480154537596e-05,5.325309030013159e-05
LSTM,42,2,11,5.325309030013159e-05,6.0494636272778735e-05
LSTM,42,2,12,6.0494636272778735e-05,6.868593482067809e-05
LSTM,42,2,13,6.868593482067809e-05,7.795671263011172e-05
LSTM,42,2,14,7.795671263011172e-05,8.84440669324249e-05
LSTM,42,2,15,8.84440669324249e-05,0.0001002880308078602
LSTM,42,2,16,0.0001002880308078602,0.00011362681834725663
LSTM,42,2,17,0.00011362681834725663,0.00012859494017902762
LSTM,42,2,18,0.00012859494017902762,0.00014533361536450684
LSTM,42,2,19,0.00014533361536450684,0.00016400855383835733
LSTM,42,2,20,0.00016400855383835733,0.0001848162355599925
LSTM,42,2,21,0.0001848162355599925,0.00020797603065147996
LSTM,42,2,22,0.00020797603065147996,0.00023371879069600254
LSTM,42,2,23,0.00023371879069600254,0.00026228188653476536
LSTM,42,2,24,0.00026228188653476536,0.0002939100959338248
LSTM,42,2,25,0.0002939100959338248,0.0003288589359726757
LSTM,42,2,26,0.0003288589359726757,0.0003673969185911119
LSTM,42,2,27,0.0003673969185911119,0.00040980512858368456
LSTM,42,2,28,0.00040980512858368456,0.0004563760303426534
LSTM,42,2,29,0.0004563760303426534,0.0005074142245575786
LSTM,42,2,30,0.0005074142245575786,0.0005632360116578639
LSTM,42,2,31,0.0005632360116578639,0.0006241703522391617
LSTM,42,2,32,0.0006241703522391617,0.0006905573536641896
LSTM,42,2,33,0.0006905573536641896,0.0007627467857673764
LSTM,42,2,34,0.0007627467857673764,0.000841097382362932
LSTM,42,2,35,0.000841097382362932,0.0009259795187972486
LSTM,42,2,36,0.0009259795187972486,0.0010177827207371593
LSTM,42,2,37,0.0010177827207371593,0.0011169268982484937
LSTM,42,2,38,0.0011169268982484937,0.0012238771887496114
LSTM,42,2,39,0.0012238771887496114,0.001339169917628169
LSTM,42,2,40,0.001339169917628169,0.0014634380349889398
LSTM,42,2,41,0.0014634380349889398,0.001597332302480936
LSTM,42,2,42,0.001597332302480936,0.0017413102323189378
LSTM,42,2,43,0.0017413102323189378,0.001895714201964438
LSTM,42,2,44,0.001895714201964438,0.0020609237253665924
LSTM,42,2,45,0.0020609237253665924,0.002237331820651889
LSTM,42,2,46,0.002237331820651889,0.0024255767930299044
LSTM,42,2,47,0.0024255767930299044,0.0026263967156410217
LSTM,42,2,48,0.0026263967156410217,0.0028404404874891043
LSTM,42,2,49,0.0028404404874891043,0.0030682731885463
LSTM,42,2,50,0.0030682731885463,0.003310415195301175
LSTM,42,2,51,0.003310415195301175,0.0035673140082508326
LSTM,42,2,52,0.0035673140082508326,0.0038393025752156973
LSTM,42,2,53,0.0038393025752156973,0.004126633983105421
LSTM,42,2,54,0.004126633983105421,0.004429566208273172
LSTM,42,2,55,0.004429566208273172,0.004748322069644928
LSTM,42,2,56,0.004748322069644928,0.005082986317574978
LSTM,42,2,57,0.005082986317574978,0.005433501210063696
LSTM,42,2,58,0.005433501210063696,0.005799817852675915
LSTM,42,2,59,0.005799817852675915,0.006182128097862005
LSTM,42,2,60,0.006182128097862005,0.006580966524779797
LSTM,42,2,61,0.006580966524779797,0.0069971284829080105
LSTM,42,2,62,0.0069971284829080105,0.007431475445628166
LSTM,42,2,63,0.007431475445628166,0.007884758524596691
LSTM,42,2,64,0.007884758524596691,0.00835755467414856
