block_months,model,monthly_sharpe,basic_lower,basic_upper
6,Linear replication,0.4063920322072464,0.20995410970447914,0.5560892736776237
6,Elastic Net replication,0.411508440443531,0.17899535659399257,0.5836106350110959
6,Feedforward replication,0.5695205852424219,0.3455304906634463,0.6938425537096812
6,Our replicated GAN,0.6118875676464546,0.39689519362986636,0.7765258357096879
6,Extension LSTM,0.4592932780598603,0.2544927286474855,0.6223978213031306
6,Transformer,0.3044768968453508,0.13591308359918114,0.4324551652321411
6,Equal-weight LSTM–Transformer combination,0.46310291196113645,0.26876791614726503,0.6053914656476762
12,Linear replication,0.4063920322072464,0.19819812008535176,0.5565408489196102
12,Elastic Net replication,0.411508440443531,0.16663240571368299,0.5832472207361379
12,Feedforward replication,0.5695205852424219,0.32970458067955044,0.7006903589385934
12,Our replicated GAN,0.6118875676464546,0.38039589268116125,0.7806569771637542
12,Extension LSTM,0.4592932780598603,0.24100112039802013,0.6199853664886059
12,Transformer,0.3044768968453508,0.14205838836693369,0.44097174709735876
12,Equal-weight LSTM–Transformer combination,0.46310291196113645,0.26117580330070156,0.610182528458336
24,Linear replication,0.4063920322072464,0.19248560434352702,0.5479356271257018
24,Elastic Net replication,0.411508440443531,0.15831009596819734,0.5803223887104131
24,Feedforward replication,0.5695205852424219,0.30540525808909746,0.7131178223386083
24,Our replicated GAN,0.6118875676464546,0.3590589510410742,0.7842391797006161
24,Extension LSTM,0.4592932780598603,0.23080466380854625,0.6075018458978866
24,Transformer,0.3044768968453508,0.13747877394878433,0.445532563254742
24,Equal-weight LSTM–Transformer combination,0.46310291196113645,0.2470897505125259,0.6141342661632363
