block_months,model_a,model_b,monthly_difference,basic_lower,basic_upper,simultaneous_lower,simultaneous_upper,basic_direction,simultaneous_direction
6,Linear replication,Elastic Net replication,-0.00511640823628462,-0.14791829682539392,0.1322853039943134,-0.28990017424003445,0.2796673577674652,Unresolved,Unresolved
6,Linear replication,Feedforward replication,-0.16312855303517548,-0.37770642109684066,0.07806803524088052,-0.4479123190389253,0.12165521296857434,Unresolved,Unresolved
6,Linear replication,Our replicated GAN,-0.20549553543920818,-0.3394920676771646,-0.07255048115005974,-0.490279301442958,0.07928823056454165,B higher,Unresolved
6,Linear replication,Extension LSTM,-0.05290124585261391,-0.17789021387510612,0.09799990806335623,-0.33768501185636374,0.23188252015113592,Unresolved,Unresolved
6,Linear replication,Transformer,0.10191513536189561,-0.09289408609247696,0.2878525870769202,-0.1828686306418542,0.38669890136564544,Unresolved,Unresolved
6,Linear replication,Equal-weight LSTM–Transformer combination,-0.05671087975389005,-0.20736416584364187,0.09210338232463516,-0.3414946457576399,0.22807288624985977,Unresolved,Unresolved
6,Elastic Net replication,Feedforward replication,-0.15801214479889086,-0.3911316808846272,0.09995536758303025,-0.4427959108026407,0.12677162120485896,Unresolved,Unresolved
6,Elastic Net replication,Our replicated GAN,-0.20037912720292356,-0.2810404430751027,-0.128763289765167,-0.4851628932066734,0.08440463880082627,B higher,Unresolved
6,Elastic Net replication,Extension LSTM,-0.04778483761632929,-0.22239393579968875,0.1377474263691935,-0.3325686036200791,0.23699892838742054,Unresolved,Unresolved
6,Elastic Net replication,Transformer,0.10703154359818023,-0.0821299331267526,0.26724013075766084,-0.1777522224055696,0.39181530960193006,Unresolved,Unresolved
6,Elastic Net replication,Equal-weight LSTM–Transformer combination,-0.051594471517605434,-0.19868132130314942,0.09012903838926681,-0.33637823752135526,0.2331892944861444,Unresolved,Unresolved
6,Feedforward replication,Our replicated GAN,-0.042366982404032694,-0.2817432475890674,0.16986619925031948,-0.3271507484077825,0.24241678359971713,Unresolved,Unresolved
6,Feedforward replication,Extension LSTM,0.11022730718256157,-0.12546011416651498,0.3249968490643439,-0.17455645882118825,0.3950110731863114,Unresolved,Unresolved
6,Feedforward replication,Transformer,0.2650436883970711,0.03441593151900468,0.429295014874117,-0.01974007760667873,0.5498274544008209,A higher,Unresolved
6,Feedforward replication,Equal-weight LSTM–Transformer combination,0.10641767328128543,-0.11474972163976932,0.28446985215941467,-0.1783660927224644,0.39120143928503526,Unresolved,Unresolved
6,Our replicated GAN,Extension LSTM,0.15259428958659427,-0.028162284392060255,0.340742857944786,-0.13218947641715556,0.4373780555903441,Unresolved,Unresolved
6,Our replicated GAN,Transformer,0.3074106708011038,0.1308784192226612,0.45901758472103915,0.022626904797353964,0.5921944368048536,A higher,A higher
6,Our replicated GAN,Equal-weight LSTM–Transformer combination,0.14878465568531812,0.007920083525781663,0.29259270679384114,-0.1359991103184317,0.43356842168906795,A higher,Unresolved
6,Extension LSTM,Transformer,0.15481638121450952,-0.05107191383552212,0.3650568219816782,-0.1299673847892403,0.43960014721825935,Unresolved,Unresolved
6,Extension LSTM,Equal-weight LSTM–Transformer combination,-0.0038096339012761438,-0.13406529840684614,0.12087327428557956,-0.28859339990502597,0.2809741321024737,Unresolved,Unresolved
6,Transformer,Equal-weight LSTM–Transformer combination,-0.15862601511578567,-0.2618745014911407,-0.05742977183126685,-0.4434097811195355,0.12615775088796416,B higher,Unresolved
12,Linear replication,Elastic Net replication,-0.00511640823628462,-0.14173719225507908,0.1279347516468865,-0.30186218143271154,0.2916293649601423,Unresolved,Unresolved
12,Linear replication,Feedforward replication,-0.16312855303517548,-0.3873540373475015,0.08931167248057692,-0.4598743262316024,0.13361722016125144,Unresolved,Unresolved
12,Linear replication,Our replicated GAN,-0.20549553543920818,-0.3317306961260147,-0.07724797247369936,-0.5022413086356351,0.09125023775721874,B higher,Unresolved
12,Linear replication,Extension LSTM,-0.05290124585261391,-0.1760302054112659,0.113366959259871,-0.34964701904904083,0.243844527343813,Unresolved,Unresolved
12,Linear replication,Transformer,0.10191513536189561,-0.11123419150222941,0.30619175215084093,-0.1948306378345313,0.39866090855832254,Unresolved,Unresolved
12,Linear replication,Equal-weight LSTM–Transformer combination,-0.05671087975389005,-0.22585081998404205,0.1226230621238949,-0.353456652950317,0.24003489344253687,Unresolved,Unresolved
12,Elastic Net replication,Feedforward replication,-0.15801214479889086,-0.39743118248931486,0.11002747982501171,-0.4547579179953178,0.13873362839753606,Unresolved,Unresolved
12,Elastic Net replication,Our replicated GAN,-0.20037912720292356,-0.28254387756897253,-0.13186293768078589,-0.4971249003993505,0.09636664599350336,B higher,Unresolved
12,Elastic Net replication,Extension LSTM,-0.04778483761632929,-0.2179356615361513,0.14661972231837814,-0.3445306108127562,0.24896093558009763,Unresolved,Unresolved
12,Elastic Net replication,Transformer,0.10703154359818023,-0.08279310455166972,0.27328197051926234,-0.1897142295982467,0.40377731679460716,Unresolved,Unresolved
12,Elastic Net replication,Equal-weight LSTM–Transformer combination,-0.051594471517605434,-0.19838570020435853,0.09827486330225438,-0.34834024471403235,0.2451513016788215,Unresolved,Unresolved
12,Feedforward replication,Our replicated GAN,-0.042366982404032694,-0.29955326182084135,0.17600785228751337,-0.3391127556004596,0.2543787907923942,Unresolved,Unresolved
12,Feedforward replication,Extension LSTM,0.11022730718256157,-0.10960709635663984,0.31808897887368937,-0.18651846601386535,0.4069730803789885,Unresolved,Unresolved
12,Feedforward replication,Transformer,0.2650436883970711,0.01244062754026587,0.45028833272980145,-0.03170208479935582,0.561789461593498,A higher,Unresolved
12,Feedforward replication,Equal-weight LSTM–Transformer combination,0.10641767328128543,-0.11849251558424861,0.2904538956871492,-0.1903280999151415,0.40316344647771235,Unresolved,Unresolved
12,Our replicated GAN,Extension LSTM,0.15259428958659427,-0.016855455800949104,0.3487940664265287,-0.14415148360983265,0.4493400627830212,Unresolved,Unresolved
12,Our replicated GAN,Transformer,0.3074106708011038,0.12234874968180082,0.47639895587818604,0.01066489760467687,0.6041564439975307,A higher,A higher
12,Our replicated GAN,Equal-weight LSTM–Transformer combination,0.14878465568531812,0.004793266471926905,0.3066016641095924,-0.1479611175111088,0.44553042888174504,A higher,Unresolved
12,Extension LSTM,Transformer,0.15481638121450952,-0.05608952622370511,0.3658806792300996,-0.1419293919819174,0.45156215441093644,Unresolved,Unresolved
12,Extension LSTM,Equal-weight LSTM–Transformer combination,-0.0038096339012761438,-0.1383716990982732,0.11907679120413675,-0.30055540709770306,0.2929361392951508,Unresolved,Unresolved
12,Transformer,Equal-weight LSTM–Transformer combination,-0.15862601511578567,-0.26479558146256277,-0.0550158032628138,-0.4553717883122126,0.13811975808064125,B higher,Unresolved
24,Linear replication,Elastic Net replication,-0.00511640823628462,-0.13086587780796555,0.12049539298585962,-0.28931250287760485,0.2790796864050356,Unresolved,Unresolved
24,Linear replication,Feedforward replication,-0.16312855303517548,-0.34479003476450915,0.08596957289313761,-0.4473246476764957,0.12106754160614475,Unresolved,Unresolved
24,Linear replication,Our replicated GAN,-0.20549553543920818,-0.32273078197337135,-0.07813949139708654,-0.4896916300805284,0.07870055920211205,B higher,Unresolved
24,Linear replication,Extension LSTM,-0.05290124585261391,-0.17562887393285848,0.1312227749552718,-0.33709734049393414,0.23129484878870632,Unresolved,Unresolved
24,Linear replication,Transformer,0.10191513536189561,-0.10408703456816593,0.30313835195346783,-0.18228095927942461,0.38611123000321584,Unresolved,Unresolved
24,Linear replication,Equal-weight LSTM–Transformer combination,-0.05671087975389005,-0.22019017379129308,0.14398535904767795,-0.3409069743952103,0.22748521488743018,Unresolved,Unresolved
24,Elastic Net replication,Feedforward replication,-0.15801214479889086,-0.37664394715727567,0.09617977567000918,-0.4422082394402111,0.12618394984242937,Unresolved,Unresolved
24,Elastic Net replication,Our replicated GAN,-0.20037912720292356,-0.2795177194673706,-0.13112046434673696,-0.4845752218442438,0.08381696743839667,B higher,Unresolved
24,Elastic Net replication,Extension LSTM,-0.04778483761632929,-0.21234413117745318,0.13001704594682723,-0.3319809322576495,0.23641125702499094,Unresolved,Unresolved
24,Elastic Net replication,Transformer,0.10703154359818023,-0.07531258680302466,0.2590910326705949,-0.17716455104314,0.39122763823950046,Unresolved,Unresolved
24,Elastic Net replication,Equal-weight LSTM–Transformer combination,-0.051594471517605434,-0.1896680333158563,0.10723671147496683,-0.33579056615892566,0.2326016231237148,Unresolved,Unresolved
24,Feedforward replication,Our replicated GAN,-0.042366982404032694,-0.29037199351188625,0.16019774335037834,-0.3265630770453529,0.24182911223728754,Unresolved,Unresolved
24,Feedforward replication,Extension LSTM,0.11022730718256157,-0.07143539676171579,0.2580503565847906,-0.17396878745875866,0.3944234018238818,Unresolved,Unresolved
24,Feedforward replication,Transformer,0.2650436883970711,0.009972516245074003,0.46106721945530005,-0.01915240624424913,0.5492397830383913,A higher,Unresolved
24,Feedforward replication,Equal-weight LSTM–Transformer combination,0.10641767328128543,-0.108387247908318,0.2752597266395788,-0.1777784213600348,0.39061376792260566,Unresolved,Unresolved
24,Our replicated GAN,Extension LSTM,0.15259428958659427,-0.008409682191910628,0.3286117441371157,-0.13160180505472596,0.4367903842279145,Unresolved,Unresolved
24,Our replicated GAN,Transformer,0.3074106708011038,0.11315494701309092,0.4723217019889054,0.023214576159783562,0.591606765442424,A higher,A higher
24,Our replicated GAN,Equal-weight LSTM–Transformer combination,0.14878465568531812,0.00036222538477598265,0.31838824541945615,-0.1354114389560021,0.43298075032663835,A higher,Unresolved
24,Extension LSTM,Transformer,0.15481638121450952,-0.039806214963990005,0.33399318791530064,-0.1293797134268107,0.43901247585582975,Unresolved,Unresolved
24,Extension LSTM,Equal-weight LSTM–Transformer combination,-0.0038096339012761438,-0.1200018868589052,0.10737513992841999,-0.2880057285425964,0.2803864607400441,Unresolved,Unresolved
24,Transformer,Equal-weight LSTM–Transformer combination,-0.15862601511578567,-0.24534129790297082,-0.05051855970162317,-0.4428221097571059,0.12557007952553456,B higher,Unresolved
