family,regime,model,months,mean_monthly,volatility_monthly,monthly_sharpe,annualized_sharpe
business_cycle,Expansion,LSTM,274,0.0052888350223639835,0.010960180234087218,0.48255000459893865,1.6716022503159143
business_cycle,Expansion,Transformer,274,0.004776139090370407,0.012927205517968075,0.3694641571012271,1.2798613833498698
business_cycle,Expansion,50/50 blend,274,0.005032487056367194,0.00974010630077049,0.5166768103926237,1.789820973385311
business_cycle,Recession,LSTM,26,0.003431235556911404,0.013006504057742318,0.2638092097367939,0.9138619095374423
business_cycle,Recession,Transformer,26,-0.0014843697908128231,0.02082890210903328,-0.07126490791701726,-0.24686888261798282
business_cycle,Recession,50/50 blend,26,0.0009734328830492903,0.012802470029555996,0.07603477147784816,0.2633921746830439
volatility,High volatility,LSTM,123,0.005966347840782096,0.01429513198751526,0.4173692027462805,1.445809329342147
volatility,High volatility,Transformer,123,0.0033153498483824238,0.018678689648734537,0.17749370596812905,0.6148562335209815
volatility,High volatility,50/50 blend,123,0.00464084884458226,0.013451744435711292,0.34499977804082216,1.1951142883333787
volatility,Low volatility,LSTM,177,0.004545153311814859,0.008272552170603468,0.5494257658435895,1.903266682857076
volatility,Low volatility,Transformer,177,0.004871641044346442,0.00917804149074221,0.5307930945028319,1.8387212159712265
volatility,Low volatility,50/50 blend,177,0.00470839717808065,0.006884811493069278,0.6838817856989177,2.369035998402912
