date,LSTM,Transformer,50/50 blend,business_cycle,volatility_regime,transformer_minus_lstm,blend_minus_lstm,window_months
1994-12-01,3.5700575294119683,1.3668423147542497,2.823119960807791,Expansion,Low volatility,-2.2032152146577184,-0.7469375686041775,36
1995-01-01,3.5632563811376547,1.2759650708638426,2.765216599054643,Expansion,Low volatility,-2.287291310273812,-0.7980397820830119,36
1995-02-01,4.002840566404326,1.6666647975911473,3.3114453651323648,Expansion,Low volatility,-2.336175768813179,-0.6913952012719613,36
1995-03-01,3.942814308950133,1.746141310993144,3.330674107920654,Expansion,Low volatility,-2.1966729979569886,-0.612140201029479,36
1995-04-01,3.9406326175802753,1.7474978387220714,3.329168588927759,Expansion,Low volatility,-2.193134778858204,-0.6114640286525161,36
1995-05-01,3.7955710500798907,1.755528265254324,3.2574511850177896,Expansion,Low volatility,-2.040042784825567,-0.5381198650621011,36
1995-06-01,3.4399286525974784,1.8123241633959983,3.149802726095124,Expansion,Low volatility,-1.62760448920148,-0.2901259265023546,36
1995-07-01,3.378540144759182,1.8682928252568116,3.140978995967006,Expansion,Low volatility,-1.5102473195023705,-0.23756114879217627,36
1995-08-01,3.2487241529514868,1.9542619835883561,3.0578228748463627,Expansion,Low volatility,-1.2944621693631306,-0.19090127810512403,36
1995-09-01,3.176852830412978,1.8144446256570945,2.9228537970297452,Expansion,Low volatility,-1.3624082047558836,-0.25399903338323293,36
1995-10-01,3.3015210415310645,2.008397762653954,3.1230790695416335,Expansion,Low volatility,-1.2931232788771103,-0.17844197198943101,36
1995-11-01,3.2913142032570586,2.109809898729304,3.1998521875217008,Expansion,Low volatility,-1.1815043045277545,-0.09146201573535784,36
1995-12-01,3.2739320609733213,2.1247695008643306,3.192125929980999,Expansion,Low volatility,-1.1491625601089908,-0.08180613099232215,36
1996-01-01,3.276649822345172,2.043671970373629,3.098037917839153,Expansion,Low volatility,-1.232977851971543,-0.17861190450601905,36
1996-02-01,3.251828993231202,2.0853487857457895,3.055996888292713,Expansion,Low volatility,-1.1664802074854124,-0.1958321049384888,36
1996-03-01,3.12043733960386,1.9123508301001009,2.9074451499226988,Expansion,Low volatility,-1.2080865095037592,-0.2129921896811613,36
1996-04-01,2.9741852705332783,1.6456143620668797,2.5412475192314408,Expansion,Low volatility,-1.3285709084663986,-0.43293775130183754,36
1996-05-01,3.0399740096056487,1.5495334524787032,2.525652313254822,Expansion,Low volatility,-1.4904405571269455,-0.5143216963508266,36
1996-06-01,3.2427210639880197,1.7127701111674996,2.779793827280995,Expansion,Low volatility,-1.5299509528205202,-0.46292723670702474,36
1996-07-01,3.241656583247687,1.8658564599282994,2.8302815091440627,Expansion,Low volatility,-1.3758001233193875,-0.41137507410362417,36
1996-08-01,3.347595982597872,1.816690658244698,2.8349177331454576,Expansion,Low volatility,-1.530905324353174,-0.5126782494524145,36
1996-09-01,3.2914285695007726,1.8241082547786942,2.8202367736230842,Expansion,Low volatility,-1.4673203147220784,-0.47119179587768834,36
1996-10-01,3.570041121173193,2.0411128280317126,3.0781490483469045,Expansion,Low volatility,-1.5289282931414805,-0.49189207282628855,36
1996-11-01,3.8506799613198415,2.2723504658377687,3.392584724362308,Expansion,Low volatility,-1.5783294954820728,-0.4580952369575333,36
1996-12-01,3.781343658986307,2.2687153480341116,3.4390959854287915,Expansion,Low volatility,-1.5126283109521954,-0.3422476735575155,36
1997-01-01,3.792633659936711,2.02619885114826,3.307591639996681,Expansion,Low volatility,-1.7664348087884512,-0.48504201994003004,36
1997-02-01,3.862830960252689,2.3716007021822834,3.6815750109010366,Expansion,Low volatility,-1.4912302580704058,-0.18125594935165257,36
1997-03-01,3.888257597427061,2.631948391173295,3.876306366358758,Expansion,Low volatility,-1.256309206253766,-0.011951231068302981,36
1997-04-01,3.834764542834977,2.606780335371779,3.806627077881469,Expansion,Low volatility,-1.227984207463198,-0.028137464953507774,36
1997-05-01,4.036220213157008,2.764453194983578,4.0278915189278495,Expansion,Low volatility,-1.2717670181734295,-0.008328694229158273,36
1997-06-01,4.137185104387612,2.788025594138386,4.078475212622558,Expansion,High volatility,-1.3491595102492262,-0.058709891765054145,36
1997-07-01,4.014143891531144,2.621113341626166,3.862040715274856,Expansion,High volatility,-1.393030549904978,-0.15210317625628766,36
1997-08-01,3.8096415319061054,2.297394297317368,3.5178701028328034,Expansion,Low volatility,-1.5122472345887372,-0.291771429073302,36
1997-09-01,3.85683585969444,2.3361648377963244,3.70652131429541,Expansion,High volatility,-1.5206710218981154,-0.15031454539902978,36
1997-10-01,3.857714232958042,2.151328680793782,3.523774328768663,Expansion,High volatility,-1.7063855521642597,-0.3339399041893789,36
1997-11-01,3.8689800986580405,2.1595626754964545,3.538051824815658,Expansion,High volatility,-1.709417423161586,-0.33092827384238266,36
1997-12-01,3.632722075262746,2.2131038023079768,3.5426041896692135,Expansion,High volatility,-1.4196182729547693,-0.09011788559353251,36
1998-01-01,3.6417255071431502,1.9932286565324806,3.369931381744535,Expansion,High volatility,-1.6484968506106696,-0.27179412539861536,36
1998-02-01,3.6259652230287616,1.985884321095837,3.3712059027415946,Expansion,High volatility,-1.6400809019329246,-0.25475932028716697,36
1998-03-01,3.6815244913522367,1.978721422372737,3.376117434097536,Expansion,High volatility,-1.7028030689794997,-0.30540705725470074,36
1998-04-01,3.584977680121199,1.791451684701992,3.1691132883587128,Expansion,Low volatility,-1.7935259954192073,-0.41586439176248646,36
1998-05-01,3.735458690586482,1.8526666623136328,3.289103046181309,Expansion,Low volatility,-1.8827920282728494,-0.4463556444051733,36
1998-06-01,3.9515799520220733,1.7379438279755846,3.2204875159871302,Expansion,Low volatility,-2.213636124046489,-0.7310924360349431,36
1998-07-01,3.9457339003750564,1.6851816244459499,3.1679722172195746,Expansion,Low volatility,-2.260552275929107,-0.7777616831554819,36
1998-08-01,4.018848564299325,1.564125331486341,3.24574511512642,Expansion,Low volatility,-2.4547232328129835,-0.773103449172905,36
1998-09-01,4.174987309556268,1.5995076414530798,3.3984714609201925,Expansion,High volatility,-2.5754796681031884,-0.7765158486360759,36
1998-10-01,4.182241976725798,1.4528310663271309,3.2894657199788973,Expansion,High volatility,-2.7294109103986672,-0.8927762567469011,36
1998-11-01,4.244673822395619,1.4718654868521686,3.295167217309907,Expansion,High volatility,-2.7728083355434503,-0.9495066050857117,36
1998-12-01,4.16737513644978,1.3743508175857249,3.230901111724689,Expansion,High volatility,-2.793024318864055,-0.9364740247250913,36
1999-01-01,3.9734829293619995,1.2517871623233772,2.982877209325624,Expansion,High volatility,-2.7216957670386224,-0.9906057200363754,36
1999-02-01,3.7753338526987426,1.2563753316890467,2.902866347248662,Expansion,High volatility,-2.518958521009696,-0.8724675054500803,36
1999-03-01,3.828630597792954,1.1104758290089758,2.773599045055939,Expansion,High volatility,-2.718154768783978,-1.0550315527370149,36
1999-04-01,4.055430461256878,1.3473364610142882,3.142397926232521,Expansion,High volatility,-2.70809400024259,-0.9130325350243575,36
1999-05-01,4.114424696032346,1.4983700231989792,3.3497599146470463,Expansion,High volatility,-2.616054672833367,-0.7646647813852998,36
1999-06-01,4.087729887022085,1.57058096782895,3.3486232373891336,Expansion,High volatility,-2.5171489191931347,-0.739106649632951,36
1999-07-01,4.092985700230123,1.490934746224138,3.342246097478546,Expansion,High volatility,-2.6020509540059855,-0.7507396027515774,36
1999-08-01,3.8867129905194506,1.420460458809987,3.181894082796453,Expansion,High volatility,-2.466252531709464,-0.7048189077229976,36
1999-09-01,3.7086364268877317,1.3900460994763202,3.070985310048177,Expansion,Low volatility,-2.3185903274114112,-0.6376511168395544,36
1999-10-01,3.6171320797880644,1.2202570330130216,2.9426817033509685,Expansion,High volatility,-2.396875046775043,-0.6744503764370959,36
1999-11-01,3.202598540298239,1.1458917615465747,2.719832130256706,Expansion,Low volatility,-2.056706778751664,-0.482766410041533,36
1999-12-01,2.2716306297870683,0.9449743350135985,2.0848260109395356,Expansion,Low volatility,-1.32665629477347,-0.18680461884753274,36
2000-01-01,2.2142665439034337,1.1400757280600688,2.1510019750827674,Expansion,Low volatility,-1.0741908158433648,-0.06326456882066633,36
2000-02-01,0.7296847003368336,0.6721780549909337,0.8176880609436112,Expansion,High volatility,-0.05750664534589989,0.0880033606067776,36
2000-03-01,0.8245856750816534,0.7908665517839638,0.9235605918059921,Expansion,High volatility,-0.03371912329768956,0.09897491672433878,36
2000-04-01,0.938416495249777,0.7812535072958308,1.0070772393231693,Expansion,High volatility,-0.15716298795394623,0.06866074407339229,36
2000-05-01,0.8658149178178989,0.774470628659335,0.9563907538914718,Expansion,High volatility,-0.09134428915856385,0.09057583607357289,36
2000-06-01,0.8319281407043941,0.7088792629923442,0.9047518376000449,Expansion,High volatility,-0.12304887771204998,0.07282369689565071,36
2000-07-01,0.9692846246575406,0.8843431499397167,1.067672916954865,Expansion,High volatility,-0.08494147471782387,0.09838829229732449,36
2000-08-01,0.8816740773345874,1.1240761526036995,1.1271292424223527,Expansion,High volatility,0.24240207526911217,0.24545516508776533,36
2000-09-01,0.9124943463110303,1.305060414116116,1.2138136041233973,Expansion,High volatility,0.39256606780508563,0.301319257812367,36
2000-10-01,0.9902742713980962,1.4074863976899854,1.3120568962210366,Expansion,High volatility,0.4172121262918892,0.3217826248229404,36
2000-11-01,1.1061897702901569,1.4728685216472996,1.416404567408369,Expansion,High volatility,0.3666787513571428,0.3102147971182121,36
2000-12-01,1.1965003710912727,1.474442846090809,1.4795446642826957,Expansion,High volatility,0.2779424749995363,0.283044293191423,36
2001-01-01,1.2197760499936332,0.6142124574398116,1.1385414938444611,Expansion,High volatility,-0.6055635925538216,-0.08123455614917208,36
2001-02-01,1.3049817996959328,0.7728020865195734,1.238386634472637,Expansion,High volatility,-0.5321797131763594,-0.06659516522329567,36
2001-03-01,1.3419831873632806,0.8094323693858322,1.2780347414815962,Expansion,High volatility,-0.5325508179774484,-0.06394844588168436,36
2001-04-01,1.3826629372244716,0.8466895211434983,1.3259380757590742,Recession,High volatility,-0.5359734160809734,-0.05672486146539746,36
2001-05-01,1.3991370874516114,0.8914932107535871,1.3610269193901074,Recession,High volatility,-0.5076438766980242,-0.03811016806150391,36
2001-06-01,1.4020627576734015,0.9195996974499088,1.3806115715170602,Recession,High volatility,-0.4824630602234927,-0.02145118615634134,36
2001-07-01,1.4229169461422326,1.0372314921933445,1.464452902943066,Recession,High volatility,-0.3856854539488881,0.04153595680083333,36
2001-08-01,1.3143700730262406,1.172614201860425,1.4826350494612597,Recession,High volatility,-0.14175587116581556,0.16826497643501903,36
2001-09-01,1.1870828231926724,1.2724596390874818,1.4797869143378353,Recession,High volatility,0.08537681589480939,0.2927040911451628,36
2001-10-01,1.1962795266224648,1.100528288053168,1.3910634992881745,Recession,High volatility,-0.0957512385692969,0.19478397266570968,36
2001-11-01,1.2276258413790657,0.8722702071621481,1.2759923832725437,Recession,High volatility,-0.3553556342169176,0.048366541893478,36
2001-12-01,1.2338353634124493,0.8816385902278673,1.2856498423678098,Expansion,High volatility,-0.352196773184582,0.05181447895536051,36
2002-01-01,1.3214065790438176,1.0259192010215277,1.427182158959394,Expansion,High volatility,-0.29548737802228997,0.1057755799155764,36
2002-02-01,1.3642701159091235,1.1462169274714769,1.5320393512485924,Expansion,High volatility,-0.21805318843764665,0.16776923533946886,36
2002-03-01,1.403643441051873,1.2303015265679302,1.6115785122971915,Expansion,High volatility,-0.17334191448394276,0.20793507124531851,36
2002-04-01,1.3757982524822268,1.3308581172057259,1.663367041582637,Expansion,High volatility,-0.04494013527650087,0.28756878910041017,36
2002-05-01,1.3635092665464894,1.3855490468616725,1.688456239172556,Expansion,High volatility,0.022039780315183055,0.32494697262606653,36
2002-06-01,1.264341063869724,1.4492902732665855,1.6878611350347117,Expansion,High volatility,0.18494920939686166,0.4235200711649878,36
2002-07-01,1.09024636617711,1.5115684510681184,1.632469907225181,Expansion,High volatility,0.4213220848910084,0.5422235410480709,36
2002-08-01,1.1229500254487164,1.504376711829338,1.6495802840552007,Expansion,High volatility,0.3814266863806217,0.5266302586064844,36
2002-09-01,1.0951133262830293,1.5369684152009566,1.6569134870203028,Expansion,High volatility,0.44185508891792735,0.5618001607372736,36
2002-10-01,1.1100865435665008,1.426073870816262,1.6006200907868355,Expansion,High volatility,0.3159873272497611,0.4905335472203347,36
2002-11-01,1.1503934964342692,1.1590036270494353,1.4418572743769504,Expansion,High volatility,0.008610130615166023,0.2914637779426812,36
2002-12-01,1.4625511932666995,1.2766409908831953,1.689136479341091,Expansion,High volatility,-0.1859102023835042,0.22658528607439155,36
2003-01-01,1.4578057104097977,1.2204537280080374,1.6457577122729607,Expansion,High volatility,-0.23735198240176025,0.18795200186316308,36
2003-02-01,2.5053813408074346,1.3221115844323024,2.200900838171517,Expansion,High volatility,-1.1832697563751322,-0.30448050263591764,36
2003-03-01,2.2670009071311843,1.2545900019635174,2.0436283049857598,Expansion,High volatility,-1.0124109051676669,-0.22337260214542454,36
2003-04-01,2.2221799148744945,1.2559644375437065,1.9947493320619925,Expansion,High volatility,-0.966215477330788,-0.22743058281250206,36
2003-05-01,2.3736576313168087,1.1834239769176234,2.0302364641440707,Expansion,High volatility,-1.1902336543991854,-0.3434211671727381,36
2003-06-01,2.4636601341922555,1.1460751446670587,2.0453599717832627,Expansion,High volatility,-1.3175849895251968,-0.4183001624089928,36
2003-07-01,2.431436932867743,1.0960941632703616,1.98541541713453,Expansion,High volatility,-1.3353427695973816,-0.44602151573321325,36
2003-08-01,2.7708803001119375,0.9947027084021541,2.011908843373526,Expansion,High volatility,-1.7761775917097835,-0.7589714567384114,36
2003-09-01,2.6629945518431137,0.9455207985138988,1.9307538080597786,Expansion,High volatility,-1.717473753329215,-0.7322407437833351,36
2003-10-01,2.5538574512336267,0.9805216165486528,1.9143057908638077,Expansion,High volatility,-1.573335834684974,-0.639551660369819,36
2003-11-01,2.3639868572598473,0.9276568645984882,1.799331352294692,Expansion,High volatility,-1.436329992661359,-0.5646555049651552,36
2003-12-01,2.346296744919421,0.8515667066509501,1.750583292148692,Expansion,Low volatility,-1.4947300382684707,-0.5957134527707291,36
2004-01-01,2.326576488930996,1.5254381734650702,2.34733910567016,Expansion,Low volatility,-0.8011383154659257,0.02076261673916413,36
2004-02-01,2.4685614678756003,1.4392344813609674,2.516993336578908,Expansion,Low volatility,-1.0293269865146328,0.048431868703307845,36
2004-03-01,2.427039594447209,1.332800939265134,2.4326010408280574,Expansion,Low volatility,-1.0942386551820749,0.005561446380848434,36
2004-04-01,2.3383449651038184,1.3267571780990273,2.3720252246144056,Expansion,Low volatility,-1.0115877870047911,0.033680259510587174,36
2004-05-01,2.249916138973054,1.2406113708475415,2.2585551638195787,Expansion,Low volatility,-1.0093047681255127,0.008639024846524457,36
2004-06-01,2.340415530483974,1.2927893619613124,2.348161255395634,Expansion,Low volatility,-1.0476261685226618,0.007745724911659924,36
2004-07-01,2.393414735170804,1.2194071850899049,2.331563889742786,Expansion,Low volatility,-1.1740075500808993,-0.061850845428018,36
2004-08-01,2.520385762057085,1.1418566077037484,2.3054269513810537,Expansion,Low volatility,-1.3785291543533367,-0.2149588106760314,36
2004-09-01,2.7702091964539037,1.105949651337567,2.328812473835564,Expansion,Low volatility,-1.6642595451163367,-0.44139672261833995,36
2004-10-01,2.6531739974682784,1.3876465047571314,2.5388947214887034,Expansion,Low volatility,-1.265527492711147,-0.11427927597957499,36
2004-11-01,2.643962001036102,1.6975597834918172,2.768015351324198,Expansion,Low volatility,-0.9464022175442848,0.12405335028809583,36
2004-12-01,2.3945415833779005,1.6656802513412552,2.6135604736477847,Expansion,Low volatility,-0.7288613320366453,0.2190188902698842,36
2005-01-01,2.3562985253391293,1.623076449658414,2.5895197623533885,Expansion,Low volatility,-0.7332220756807153,0.23322123701425923,36
2005-02-01,2.3497369152099696,1.562195568484144,2.560441284177257,Expansion,Low volatility,-0.7875413467258257,0.21070436896728717,36
2005-03-01,2.2811042627962714,1.5274775822720197,2.4856278862468284,Expansion,Low volatility,-0.7536266805242517,0.20452362345055697,36
2005-04-01,2.3419777007659683,1.3649475474392496,2.4483514353286724,Expansion,Low volatility,-0.9770301533267187,0.10637373456270405,36
2005-05-01,2.192828627824394,1.2764046219137613,2.295498945029859,Expansion,Low volatility,-0.9164240059106326,0.10267031720546527,36
2005-06-01,2.3313631867806874,1.1669699207855933,2.2569709803365923,Expansion,Low volatility,-1.1643932659950942,-0.07439220644409517,36
2005-07-01,2.6707223118321948,1.0718926076496718,2.2738286506784116,Expansion,Low volatility,-1.598829704182523,-0.3968936611537832,36
2005-08-01,2.7032102338883814,1.1519638874600566,2.3478029391136213,Expansion,Low volatility,-1.5512463464283248,-0.3554072947747602,36
2005-09-01,2.9592295363098833,1.118884832404074,2.4125492117042358,Expansion,Low volatility,-1.8403447039058092,-0.5466803246056475,36
2005-10-01,2.8825778318183857,1.3575121767441984,2.55003907099859,Expansion,Low volatility,-1.5250656550741872,-0.3325387608197956,36
2005-11-01,2.9172691312573806,2.6670600341417354,3.6139275164088493,Expansion,Low volatility,-0.2502090971156452,0.6966583851514687,36
2005-12-01,2.8452108446616884,2.720761779465504,3.9634467337662165,Expansion,Low volatility,-0.12444906519618426,1.118235889104528,36
2006-01-01,2.818728613830543,3.015965991940268,4.180673352155558,Expansion,Low volatility,0.1972373781097252,1.3619447383250147,36
2006-02-01,3.0639626570432457,3.1922970380086735,4.648246103348334,Expansion,Low volatility,0.12833438096542782,1.584283446305088,36
2006-03-01,3.348793141565655,3.2311373956646188,4.98039881537834,Expansion,Low volatility,-0.11765574590103611,1.6316056738126852,36
2006-04-01,3.3019813675017207,3.149263818586366,4.856594799994237,Expansion,Low volatility,-0.1527175489153545,1.5546134324925167,36
2006-05-01,3.474103252017325,3.0397699418943356,4.648819002702338,Expansion,Low volatility,-0.4343333101229896,1.1747157506850132,36
2006-06-01,3.3555935270274215,3.289599489302145,4.575039467529862,Expansion,Low volatility,-0.06599403772527657,1.2194459405024407,36
2006-07-01,3.344123551708035,3.2601704462811467,4.545996393201114,Expansion,Low volatility,-0.08395310542688827,1.201872841493079,36
2006-08-01,3.265199861179351,3.683804071367451,4.522557400737862,Expansion,Low volatility,0.4186042101881,1.2573575395585115,36
2006-09-01,3.0185288377173514,3.6258318990541385,4.306889000327501,Expansion,Low volatility,0.6073030613367871,1.2883601626101493,36
2006-10-01,2.9630732268493407,3.6260361646076107,4.269860815626578,Expansion,Low volatility,0.66296293775827,1.3067875887772376,36
2006-11-01,3.1432843860768016,3.5603880092677667,4.3321773983259595,Expansion,Low volatility,0.41710362319096506,1.1888930122491579,36
2006-12-01,3.1034848497126513,3.566500565276026,4.395695968512493,Expansion,Low volatility,0.46301571556337473,1.292211118799842,36
2007-01-01,2.7782319475142145,3.492595778637896,4.127713515248422,Expansion,Low volatility,0.7143638311236815,1.3494815677342071,36
2007-02-01,2.7565460727864135,3.4472507304249054,4.201630136630568,Expansion,Low volatility,0.6907046576384919,1.4450840638441544,36
2007-03-01,2.61032688084269,3.62022757702987,4.185528661944913,Expansion,Low volatility,1.00990069618718,1.5752017811022228,36
2007-04-01,2.5929248566428584,3.7688182584324466,4.343055917680239,Expansion,Low volatility,1.1758934017895881,1.7501310610373806,36
2007-05-01,2.3836600762737428,3.8911005826439786,4.4819537475892215,Expansion,Low volatility,1.5074405063702359,2.0982936713154787,36
2007-06-01,2.323777379148901,3.5513870188665995,4.2851018258674545,Expansion,Low volatility,1.2276096397176985,1.9613244467185535,36
2007-07-01,2.315297831104826,3.131894504668825,4.113887434222397,Expansion,Low volatility,0.8165966735639989,1.7985896031175708,36
2007-08-01,2.092044551750655,3.0913919098818554,3.944285702491355,Expansion,Low volatility,0.9993473581312005,1.8522411507407002,36
2007-09-01,1.974613059766583,3.110391724605535,3.96041771293893,Expansion,Low volatility,1.135778664838952,1.9858046531723472,36
2007-10-01,1.9812696359481283,3.2032247206303666,4.078824744924935,Expansion,Low volatility,1.2219550846822382,2.097555108976807,36
2007-11-01,1.956481864776001,3.113337572543923,4.102426002357676,Expansion,Low volatility,1.156855707767922,2.145944137581675,36
2007-12-01,2.4265673576639224,3.220333963587109,4.67451569778362,Expansion,Low volatility,0.7937666059231865,2.2479483401196974,36
2008-01-01,2.3621577165224106,2.4839060534524524,3.9826713477974223,Recession,Low volatility,0.12174833693004183,1.6205136312750117,36
2008-02-01,2.3784524437094747,2.4839011309674195,3.893858713932608,Recession,Low volatility,0.10544868725794476,1.5154062702231332,36
2008-03-01,2.3137793104593163,2.6108506321198997,3.978561956790133,Recession,Low volatility,0.29707132166058337,1.6647826463308166,36
2008-04-01,2.3903655803181914,2.7742137407051053,3.9321316912786273,Recession,Low volatility,0.38384816038691394,1.541766110960436,36
2008-05-01,2.573733547314523,2.895753325308813,4.216088380640643,Recession,Low volatility,0.32201977799428994,1.6423548333261198,36
2008-06-01,1.4561167354751365,2.1364684878070896,2.341014330299341,Recession,Low volatility,0.6803517523319531,0.8848975948242046,36
2008-07-01,1.5311504330097012,2.1986651247438505,2.4335192044031104,Recession,Low volatility,0.6675146917341492,0.9023687713934092,36
2008-08-01,1.1565220891524228,2.1826115578191083,2.2445823125935385,Recession,Low volatility,1.0260894686666855,1.0880602234411156,36
2008-09-01,0.741180430841964,2.2087860259730867,2.0077599532234287,Recession,Low volatility,1.4676055951311227,1.2665795223814647,36
2008-10-01,0.8217341551902327,1.4245410128675413,1.618277193134684,Recession,High volatility,0.6028068576773086,0.7965430379444512,36
2008-11-01,1.0296048512190141,1.2340854270904744,1.6559782258119085,Recession,High volatility,0.2044805758714603,0.6263733745928943,36
2008-12-01,1.1547023684177065,1.3294887306455179,1.7831940546043379,Recession,High volatility,0.1747863622278114,0.6284916861866314,36
2009-01-01,1.2638015489673027,0.8579804393040396,1.5215923635613269,Recession,High volatility,-0.4058211096632631,0.2577908145940242,36
2009-02-01,1.1513542976508422,0.5399120030137646,1.1090599486769166,Recession,High volatility,-0.6114422946370776,-0.04229434897392559,36
2009-03-01,1.1075243256959677,0.4167903669142166,0.9716762223854328,Recession,High volatility,-0.6907339587817511,-0.13584810331053487,36
2009-04-01,0.6455745208101688,0.1778870757918365,0.47849087216482256,Recession,High volatility,-0.46768744501833226,-0.1670836486453462,36
2009-05-01,0.6418359762982511,0.2892350683628171,0.5559778869414775,Recession,High volatility,-0.35260090793543397,-0.08585808935677353,36
2009-06-01,0.6944739477107054,0.28327430254553665,0.579715933791791,Recession,High volatility,-0.4111996451651687,-0.11475801391891438,36
2009-07-01,0.7784263177806183,0.2995707083046991,0.6414277868883411,Expansion,High volatility,-0.4788556094759192,-0.1369985308922772,36
2009-08-01,0.632963494139828,-0.01160774063221245,0.30896754200911447,Expansion,High volatility,-0.6445712347720405,-0.3239959521307135,36
2009-09-01,0.7701059016669559,0.009384188227069748,0.3921012561740796,Expansion,High volatility,-0.7607217134398861,-0.3780046454928763,36
2009-10-01,0.7680780622816296,-0.0014781870944089348,0.38344295877064904,Expansion,High volatility,-0.7695562493760385,-0.3846351035109805,36
2009-11-01,0.7276828218076341,0.05971295918378906,0.40826968738704966,Expansion,High volatility,-0.6679698626238451,-0.31941313442058444,36
2009-12-01,0.6564160830534544,0.03727962768577515,0.35856694366388353,Expansion,High volatility,-0.6191364553676793,-0.2978491393895709,36
2010-01-01,0.7606429090291451,-0.0521349379491872,0.34241803691403355,Expansion,High volatility,-0.8127778469783323,-0.41822487211511156,36
2010-02-01,0.7342189890262093,-0.03874020551466641,0.33852011605757604,Expansion,High volatility,-0.7729591945408757,-0.39569887296863326,36
2010-03-01,0.7952913520790996,-0.10138256050021542,0.32386917410118865,Expansion,High volatility,-0.8966739125793151,-0.47142217797791097,36
2010-04-01,0.7341277776209524,-0.3031941252376488,0.14142341966768587,Expansion,Low volatility,-1.0373219028586012,-0.5927043579532665,36
2010-05-01,0.8019012643172784,-0.46271054796371114,0.059452472617539075,Expansion,Low volatility,-1.2646118122809895,-0.7424487916997393,36
2010-06-01,0.7354698429632157,-0.430060127073379,0.05129382949370669,Expansion,High volatility,-1.1655299700365946,-0.6841760134695091,36
2010-07-01,0.670813940128792,-0.37541834394789797,0.05889239133087982,Expansion,High volatility,-1.04623228407669,-0.6119215487979122,36
2010-08-01,0.7766001151229422,-0.3770106843976347,0.11069972166383903,Expansion,High volatility,-1.1536107995205769,-0.6659003934591032,36
2010-09-01,0.7409841272668124,-0.2998059674190056,0.1448280583593017,Expansion,High volatility,-1.040790094685818,-0.5961560689075107,36
2010-10-01,0.7122003661138221,-0.321629755580063,0.11635269797278217,Expansion,High volatility,-1.0338301216938852,-0.59584766814104,36
2010-11-01,0.6358196597110639,-0.3384799293716695,0.06572720534172394,Expansion,High volatility,-0.9742995890827334,-0.57009245436934,36
2010-12-01,0.48940021263999595,-0.3706102350175492,-0.026684742347503745,Expansion,High volatility,-0.8600104476575452,-0.5160849549874997,36
2011-01-01,0.48682302366686253,-0.3150017155374792,0.015190293364748333,Expansion,High volatility,-0.8018247392043417,-0.4716327303021142,36
2011-02-01,0.3387548963526677,-0.4704624764147993,-0.17560786082732854,Expansion,High volatility,-0.809217372767467,-0.5143627571799962,36
2011-03-01,0.35355752105633464,-0.4671519284634232,-0.1655039593361376,Expansion,High volatility,-0.8207094495197578,-0.5190614803924722,36
2011-04-01,0.2492598933451296,-0.5010718122532444,-0.24676399812491492,Expansion,High volatility,-0.750331705598374,-0.49602389147004455,36
2011-05-01,0.2219834558338748,-0.5180738615561716,-0.27363125370095054,Expansion,High volatility,-0.7400573173900464,-0.49561470953482534,36
2011-06-01,0.4412768923923403,-0.3785466847851308,-0.06862427433451723,Expansion,High volatility,-0.8198235771774711,-0.5099011667268576,36
2011-07-01,0.4510783430390242,-0.6141385396910024,-0.23075654785888378,Expansion,Low volatility,-1.0652168827300266,-0.6818348908979079,36
2011-08-01,0.7182705123950452,-0.610235697725231,-0.07361317231223996,Expansion,Low volatility,-1.3285062101202763,-0.7918836847072852,36
2011-09-01,1.0398204204090888,-0.6281243502880842,0.05824193711104069,Expansion,High volatility,-1.667944770697173,-0.9815784832980482,36
2011-10-01,1.1177917279099323,-0.27366858187483245,0.38294208076191866,Expansion,Low volatility,-1.3914603097847649,-0.7348496471480137,36
2011-11-01,1.0049062344465687,-0.07877635710986773,0.4097966079077775,Expansion,High volatility,-1.0836825915564363,-0.5951096265387912,36
2011-12-01,0.8501978189377116,-0.11880500871379425,0.3118456657962967,Expansion,High volatility,-0.9690028276515059,-0.5383521531414149,36
2012-01-01,0.7332133669830059,0.13002954435403558,0.4247631200188335,Expansion,High volatility,-0.6031838226289703,-0.3084502469641724,36
2012-02-01,0.7713918296388085,0.3514769682245305,0.6008148025096927,Expansion,High volatility,-0.419914861414278,-0.17057702712911582,36
2012-03-01,0.7538431477724826,0.4619913396988065,0.6671798986144999,Expansion,High volatility,-0.2918518080736761,-0.08666324915798274,36
2012-04-01,1.273431717426151,0.8686626238022311,1.2374505411168357,Expansion,High volatility,-0.4047690936239198,-0.03598117630931519,36
2012-05-01,1.245066700583456,0.7852381375310512,1.1705407414320894,Expansion,High volatility,-0.4598285630524047,-0.0745259591513665,36
2012-06-01,1.0495394638446878,0.8760158282256308,1.1553775650741986,Expansion,High volatility,-0.17352363561905693,0.10583810122951087,36
2012-07-01,0.956342892220886,0.905223026102792,1.1180386049499154,Expansion,High volatility,-0.05111986611809394,0.16169571272902938,36
2012-08-01,1.2257023713092128,1.5199499213726215,1.805789762307797,Expansion,High volatility,0.29424755006340875,0.5800873909985842,36
2012-09-01,1.0827462890848711,1.4204769666270731,1.6614250047210992,Expansion,High volatility,0.337730677542202,0.5786787156362281,36
2012-10-01,1.2283188968052634,1.4173398648862168,1.725250963258902,Expansion,High volatility,0.18902096808095337,0.4969320664536385,36
2012-11-01,1.2895795552416374,1.3838545639220432,1.7210435060233562,Expansion,Low volatility,0.09427500868040584,0.43146395078171884,36
2012-12-01,1.2544952717157136,1.2789983542632868,1.6107075814132734,Expansion,Low volatility,0.024503082547573163,0.3562123096975598,36
2013-01-01,1.2893815431558857,1.5421500183762518,1.783670832029601,Expansion,Low volatility,0.25276847522036605,0.49428928887371537,36
2013-02-01,1.3390063990070709,1.5373861661148442,1.805557501521248,Expansion,Low volatility,0.19837976710777339,0.4665511025141771,36
2013-03-01,1.1663372313257228,1.5832799195275191,1.725893719323826,Expansion,Low volatility,0.41694268820179636,0.5595564879981032,36
2013-04-01,1.1916961939204487,2.038026849584473,2.0487711456611484,Expansion,Low volatility,0.8463306556640242,0.8570749517406997,36
2013-05-01,1.135230213972524,1.924017088304702,1.9271156564093392,Expansion,Low volatility,0.788786874332178,0.7918854424368151,36
2013-06-01,1.176896420281422,1.9483422471987468,1.9715498084657703,Expansion,Low volatility,0.7714458269173248,0.7946533881843483,36
2013-07-01,1.2111293003770902,1.7731014861413974,1.8845126403769792,Expansion,Low volatility,0.5619721857643072,0.673383339999889,36
2013-08-01,1.1069757161173592,1.6516898714468142,1.7439117197385694,Expansion,Low volatility,0.544714155329455,0.6369360036212102,36
2013-09-01,1.0792694243965515,1.541460165361283,1.5830393252479449,Expansion,Low volatility,0.46219074096473145,0.5037699008513934,36
2013-10-01,1.2378483545080976,1.5289550669746244,1.6594730191696772,Expansion,Low volatility,0.29110671246652675,0.42162466466157955,36
2013-11-01,1.1479907995222025,1.6586470445180757,1.72122264113089,Expansion,Low volatility,0.5106562449958731,0.5732318416086875,36
2013-12-01,1.242288144535858,1.5748474403382247,1.7077773132305607,Expansion,Low volatility,0.33255929580236665,0.4654891686947027,36
2014-01-01,1.227954964922787,1.3382516942593665,1.5636839101233373,Expansion,Low volatility,0.11029672933657952,0.3357289452005503,36
2014-02-01,1.2901931866201337,1.489623832090407,1.7136476961527554,Expansion,Low volatility,0.19943064547027323,0.42345450953262165,36
2014-03-01,1.304028300110761,1.4805773624977705,1.71440389656674,Expansion,Low volatility,0.1765490623870094,0.410375596455979,36
2014-04-01,1.3801654855312566,1.4973536474287326,1.7644472524616372,Expansion,Low volatility,0.11718816189747594,0.38428176693038063,36
2014-05-01,1.4107804011893423,1.5566345043621574,1.8221866196958032,Expansion,Low volatility,0.1458541031728151,0.41140621850646086,36
2014-06-01,1.3397354215565367,1.5570981287477421,1.785340222740401,Expansion,Low volatility,0.21736270719120543,0.44560480118386425,36
2014-07-01,1.4056577469593978,1.7879832468368244,1.9345767113943808,Expansion,Low volatility,0.3823254998774266,0.528918964434983,36
2014-08-01,1.154700555094524,1.7709197972976602,1.7924457103437648,Expansion,Low volatility,0.6162192422031363,0.6377451552492408,36
2014-09-01,1.1331564233634674,1.7923639116879506,1.7872153284822276,Expansion,Low volatility,0.6592074883244832,0.6540589051187602,36
2014-10-01,0.8347761799838522,1.7934856024066554,1.7985118535748583,Expansion,Low volatility,0.9587094224228032,0.9637356735910061,36
2014-11-01,0.7279010846948151,1.7936405707817833,1.784495571153092,Expansion,Low volatility,1.0657394860869682,1.056594486458277,36
2014-12-01,0.5853173547864203,1.7981607605440728,1.7127602065370846,Expansion,Low volatility,1.2128434057576525,1.1274428517506643,36
2015-01-01,0.6699966946566013,1.8588571773367961,1.7877192798411903,Expansion,Low volatility,1.188860482680195,1.117722585184589,36
2015-02-01,0.8326233744274185,1.8442187265396035,1.9078236976380447,Expansion,Low volatility,1.011595352112185,1.0752003232106262,36
2015-03-01,0.9248018896323177,1.9260703372006376,2.026020810905796,Expansion,Low volatility,1.0012684475683198,1.1012189212734786,36
2015-04-01,0.8298828481498819,1.549116472630407,1.6749454824409917,Expansion,Low volatility,0.7192336244805251,0.8450626342911098,36
2015-05-01,0.8608495018906275,1.7206991203926598,1.7614101332312433,Expansion,Low volatility,0.8598496185020323,0.9005606313406158,36
2015-06-01,0.9631899790913594,1.6667419035989075,1.7395213044854838,Expansion,Low volatility,0.7035519245075481,0.7763313253941244,36
2015-07-01,0.7326628567604467,1.6790538404339075,1.7619546814411282,Expansion,Low volatility,0.9463909836734608,1.0292918246806815,36
2015-08-01,0.8517089850308084,1.6592477108475492,1.8378459827273106,Expansion,Low volatility,0.8075387258167408,0.9861369976965022,36
2015-09-01,0.9619797147413479,1.7894421668889653,1.9880032507826064,Expansion,Low volatility,0.8274624521476174,1.0260235360412584,36
2015-10-01,0.6648498669348644,1.784458128424168,1.8497093175838597,Expansion,Low volatility,1.1196082614893037,1.1848594506489953,36
2015-11-01,0.5884428597150523,1.8233140344566616,1.857823606129927,Expansion,Low volatility,1.2348711747416092,1.2693807464148747,36
2015-12-01,0.8665320142008907,1.927133072059108,2.0657756420671216,Expansion,Low volatility,1.0606010578582175,1.199243627866231,36
2016-01-01,0.8477876004609207,2.00228327917848,2.0876043767459187,Expansion,Low volatility,1.1544956787175593,1.2398167762849979,36
2016-02-01,0.8386854933066764,1.8715165215574858,2.0014664603990036,Expansion,Low volatility,1.0328310282508095,1.1627809670923273,36
2016-03-01,0.977795127544772,1.6396858671977763,1.913614590983737,Expansion,Low volatility,0.6618907396530043,0.9358194634389649,36
2016-04-01,0.47854469687290396,0.9999054935041235,0.9577319039600276,Expansion,High volatility,0.5213607966312195,0.47918720708712365,36
2016-05-01,0.6651042320217442,1.2749925511559852,1.2220092374169365,Expansion,High volatility,0.609888319134241,0.5569050053951923,36
2016-06-01,0.8053638471901048,1.2053460264332427,1.2520538555776797,Expansion,High volatility,0.39998217924313795,0.4466900083875749,36
2016-07-01,0.6870277773430561,1.152740635473594,1.1471871664591429,Expansion,High volatility,0.465712858130538,0.4601593891160868,36
2016-08-01,0.6953426594207341,1.1390389405958103,1.142192810334393,Expansion,High volatility,0.4436962811750762,0.4468501509136589,36
2016-09-01,0.6827359504419968,1.092613535816231,1.0997228907091392,Expansion,Low volatility,0.40987758537423424,0.41698694026714245,36
2016-10-01,0.7261901025184968,1.1211638878141357,1.137391350018948,Expansion,Low volatility,0.39497378529563887,0.4112012475004513,36
2016-11-01,0.744561393022759,1.0227360951384148,1.0675615852503564,Expansion,Low volatility,0.27817470211565576,0.32300019222759735,36
2016-12-01,0.8202539388160405,1.0718439613411923,1.1391027005864418,Expansion,Low volatility,0.25159002252515184,0.31884876177040133,36
1996-12-01,3.66003541184725,1.833914868926491,3.1543692109028965,Expansion,Low volatility,-1.8261205429207588,-0.5056662009443533,60
1997-01-01,3.6855632078854885,1.6901156057225664,3.090251996781361,Expansion,Low volatility,-1.9954476021629222,-0.5953112111041277,60
1997-02-01,3.875261684336391,1.9322949886406804,3.400282917037118,Expansion,Low volatility,-1.9429666956957108,-0.47497876729927313,60
1997-03-01,3.8755777285528388,1.9461202118834018,3.4066810474542937,Expansion,Low volatility,-1.929457516669437,-0.4688966810985451,60
1997-04-01,3.835672334661294,1.9007634439598304,3.361915877000173,Expansion,Low volatility,-1.9349088907014635,-0.47375645766112084,60
1997-05-01,3.858871746918842,1.9662103409384017,3.4069456807046388,Expansion,Low volatility,-1.8926614059804403,-0.4519260662142033,60
1997-06-01,3.8496566064724984,2.015317983556167,3.4234119060686146,Expansion,High volatility,-1.8343386229163312,-0.42624470040388385,60
1997-07-01,3.744102848674625,2.0084660299742683,3.3504923112380633,Expansion,High volatility,-1.7356368187003568,-0.3936105374365617,60
1997-08-01,3.659666980508914,1.9203002190539311,3.1709573708303984,Expansion,Low volatility,-1.739366761454983,-0.48870960967851573,60
1997-09-01,3.6721767720227994,1.8386122087815322,3.1760089002688203,Expansion,High volatility,-1.8335645632412672,-0.49616787175397903,60
1997-10-01,3.671369372652014,1.8093466254777562,3.1495297115353544,Expansion,High volatility,-1.8620227471742579,-0.5218396611166596,60
1997-11-01,3.5767101415331726,1.847100840539156,3.1490392543515804,Expansion,High volatility,-1.7296093009940166,-0.4276708871815922,60
1997-12-01,3.445803429097256,1.8622264722802973,3.1488237256500136,Expansion,High volatility,-1.5835769568169589,-0.29697970344724256,60
1998-01-01,3.438363262969969,1.7181776802548052,3.0089072184598735,Expansion,High volatility,-1.720185582715164,-0.42945604451009567,60
1998-02-01,3.4351716920322657,1.7867534026209138,3.0291917057921953,Expansion,High volatility,-1.648418289411352,-0.40597998624007037,60
1998-03-01,3.4388941804214395,1.777320569781411,3.0377395274252716,Expansion,High volatility,-1.6615736106400285,-0.4011546529961678,60
1998-04-01,3.39187640539439,1.729898094944589,2.9341728424844997,Expansion,Low volatility,-1.661978310449801,-0.4577035629098902,60
1998-05-01,3.446419860777556,1.8321826867918192,3.043274565472097,Expansion,Low volatility,-1.6142371739857369,-0.40314529530545906,60
1998-06-01,3.4731108101124084,1.8733224446354437,3.0968518947226187,Expansion,Low volatility,-1.5997883654769647,-0.3762589153897897,60
1998-07-01,3.4199588492667643,1.8709930949301028,3.04199248757578,Expansion,Low volatility,-1.5489657543366615,-0.3779663616909845,60
1998-08-01,3.4363299418419873,1.7541175096152593,3.04624271308807,Expansion,Low volatility,-1.682212432226728,-0.39008722875391744,60
1998-09-01,3.541415079827946,1.7517218080747963,3.1205190035116908,Expansion,High volatility,-1.7896932717531495,-0.42089607631625503,60
1998-10-01,3.7038722462176183,1.759659843065687,3.2269154441597605,Expansion,High volatility,-1.9442124031519314,-0.47695680205785784,60
1998-11-01,3.8759762390957886,1.8984336738940712,3.4246905499812237,Expansion,High volatility,-1.9775425652017173,-0.4512856891145649,60
1998-12-01,3.8452191711994623,1.848324431689152,3.4081237945598386,Expansion,High volatility,-1.9968947395103103,-0.4370953766396237,60
1999-01-01,3.7191392188339845,1.6889543192639893,3.1828926909753115,Expansion,High volatility,-2.030184899569995,-0.536246527858673,60
1999-02-01,3.7643333308190967,1.8023032702233512,3.338729028922056,Expansion,High volatility,-1.9620300605957455,-0.42560430189704057,60
1999-03-01,3.713803672010792,1.7421086102826753,3.233877024906009,Expansion,High volatility,-1.9716950617281166,-0.47992664710478294,60
1999-04-01,3.7132072699681427,1.751952484054602,3.2378990314241736,Expansion,High volatility,-1.9612547859135407,-0.4753082385439691,60
1999-05-01,3.827412571518185,1.7603038295385347,3.333874942730405,Expansion,High volatility,-2.0671087419796503,-0.49353762878777996,60
1999-06-01,3.8663152491136,1.7833350571139581,3.3473622276329187,Expansion,High volatility,-2.082980191999642,-0.5189530214806815,60
1999-07-01,3.9132953361085367,1.7443345754089916,3.3672964529106175,Expansion,High volatility,-2.1689607606995454,-0.5459988831979192,60
1999-08-01,3.785176596497386,1.6590679603623446,3.2608775821669203,Expansion,High volatility,-2.1261086361350414,-0.5242990143304658,60
1999-09-01,3.586729755048088,1.6915124586188437,3.198450546101646,Expansion,Low volatility,-1.8952172964292444,-0.3882792089464422,60
1999-10-01,3.645442813361188,1.6365112902562393,3.1760183375355453,Expansion,High volatility,-2.0089315231049483,-0.4694244758256425,60
1999-11-01,3.4623810184423105,1.6107308714874513,3.0767328411400086,Expansion,Low volatility,-1.8516501469548592,-0.38564817730230194,60
1999-12-01,2.6288083303963297,1.5424840070639643,2.6143641936721767,Expansion,Low volatility,-1.0863243233323654,-0.014444136724153012,60
2000-01-01,2.6164143850354242,1.5888273801255086,2.6389429301945313,Expansion,Low volatility,-1.0275870049099156,0.022528545159107072,60
2000-02-01,1.2328187557153236,1.2968823580103317,1.4878663302426407,Expansion,High volatility,0.06406360229500807,0.2550475745273171,60
2000-03-01,1.3020121529554736,1.3165284177269654,1.5228507046398352,Expansion,High volatility,0.014516264771491816,0.22083855168436162,60
2000-04-01,1.336824795821612,1.2700037875388923,1.5352595321357672,Expansion,High volatility,-0.06682100828271964,0.1984347363141552,60
2000-05-01,1.3316932278491955,1.3192633490754286,1.5594627340342437,Expansion,High volatility,-0.01242987877376689,0.2277695061850482,60
2000-06-01,1.3691351025327028,1.297001103987048,1.5710554786738933,Expansion,High volatility,-0.07213399854565483,0.20192037614119052,60
2000-07-01,1.4399476493157817,1.371262451534136,1.6422454675986313,Expansion,High volatility,-0.06868519778164561,0.20229781828284965,60
2000-08-01,1.362123567878365,1.42325629013168,1.6404731197050257,Expansion,High volatility,0.06113272225331512,0.27834955182666077,60
2000-09-01,1.4355442363612996,1.5260203112940423,1.7283940475767314,Expansion,High volatility,0.09047607493274268,0.29284981121543185,60
2000-10-01,1.4641455131200272,1.4883644813852692,1.730834160465165,Expansion,High volatility,0.024218968265242058,0.26668864734513775,60
2000-11-01,1.5220818758220398,1.5009244350827946,1.7636407910641025,Expansion,High volatility,-0.021157440739245192,0.24155891524206274,60
2000-12-01,1.5470599501430677,1.502091781442646,1.7826830376077512,Expansion,High volatility,-0.04496816870042175,0.2356230874646834,60
2001-01-01,1.5600561901011647,0.7960203095269938,1.4574391542136296,Expansion,High volatility,-0.7640358805741709,-0.10261703588753512,60
2001-02-01,1.6185926362624394,0.9154016007796852,1.5131718672598435,Expansion,High volatility,-0.7031910354827542,-0.1054207690025959,60
2001-03-01,1.68277604553611,0.9895537325077465,1.591201767246714,Expansion,High volatility,-0.6932223130283636,-0.09157427828939602,60
2001-04-01,1.7292928515886412,1.0507645244753434,1.6606550016794501,Recession,High volatility,-0.6785283271132978,-0.06863784990919108,60
2001-05-01,1.747169882046866,1.1522589626218556,1.7317989702134209,Recession,High volatility,-0.5949109194250104,-0.015370911833445078,60
2001-06-01,1.7008123993724482,1.1468076371113975,1.7005297951161078,Recession,High volatility,-0.5540047622610507,-0.000282604256340413,60
2001-07-01,1.6931593180140714,1.1802352717507956,1.71728040779824,Recession,High volatility,-0.5129240462632758,0.024121089784168603,60
2001-08-01,1.645296007322546,1.232814671490218,1.7309661456895031,Recession,High volatility,-0.41248133583232804,0.08567013836695714,60
2001-09-01,1.605139523920961,1.2977551386706445,1.7647067585926064,Recession,High volatility,-0.3073843852503164,0.15956723467164546,60
2001-10-01,1.5897774933112914,1.1003839003873062,1.6401419807195718,Recession,High volatility,-0.4893935929239852,0.05036448740828048,60
2001-11-01,1.617779899625894,0.9548583402760039,1.5702718825975848,Recession,High volatility,-0.6629215593498902,-0.04750801702830931,60
2001-12-01,1.6329639849120372,0.9167446584944178,1.5516481780696392,Expansion,High volatility,-0.7162193264176194,-0.08131580684239803,60
2002-01-01,1.6553186023073791,1.0091700550189693,1.61751631931489,Expansion,High volatility,-0.6461485472884099,-0.03780228299248911,60
2002-02-01,1.6109671489016708,1.0515845252135627,1.621151408014693,Expansion,High volatility,-0.5593826236881081,0.01018425911302212,60
2002-03-01,1.612211271767062,1.0429379237388536,1.6166009210662124,Expansion,High volatility,-0.5692733480282084,0.004389649299150422,60
2002-04-01,1.6175054161143778,1.121949666237587,1.6720416589514957,Expansion,High volatility,-0.49555574987679085,0.05453624283711789,60
2002-05-01,1.6120417947403047,1.1245905316999865,1.670663847600913,Expansion,High volatility,-0.4874512630403183,0.05862205286060829,60
2002-06-01,1.5658224267508625,1.1750913242032202,1.6894537050555454,Expansion,High volatility,-0.3907311025476423,0.1236312783046829,60
2002-07-01,1.484882750389603,1.2324375412549204,1.696939428766561,Expansion,High volatility,-0.2524452091346825,0.21205667837695796,60
2002-08-01,1.5087526701937706,1.2559028415752607,1.7294877406605274,Expansion,High volatility,-0.2528498286185099,0.22073507046675678,60
2002-09-01,1.3972630967245574,1.2841353082506304,1.6804954115583193,Expansion,High volatility,-0.11312778847392702,0.2832323148337619,60
2002-10-01,1.4241295646779824,1.2200890161530265,1.657863385837905,Expansion,High volatility,-0.2040405485249559,0.2337338211599227,60
2002-11-01,1.4211932604595687,1.012367172263333,1.50119440910134,Expansion,High volatility,-0.4088260881962358,0.08000114864177132,60
2002-12-01,1.5071601763823286,1.0224602169345105,1.541211286771911,Expansion,High volatility,-0.4846999594478181,0.03405111038958242,60
2003-01-01,1.4958245287589034,1.0449246434878452,1.5493988604466027,Expansion,High volatility,-0.4508998852710582,0.05357433168769932,60
2003-02-01,1.4108031878645233,1.0130154195667778,1.478782845062381,Expansion,High volatility,-0.39778776829774554,0.0679796571978577,60
2003-03-01,1.3363333801244992,0.9890183258850147,1.4227454337106618,Expansion,High volatility,-0.3473150542394845,0.08641205358616255,60
2003-04-01,1.3684041271047684,1.0130943481317076,1.4589730193527388,Expansion,High volatility,-0.3553097789730608,0.09056889224797038,60
2003-05-01,1.416975244020986,0.9711144497260509,1.4690485561043352,Expansion,High volatility,-0.4458607942949351,0.0520733120833492,60
2003-06-01,1.466725204046586,0.963082210701648,1.496235862108256,Expansion,High volatility,-0.5036429933449379,0.029510658061670192,60
2003-07-01,1.5027971856009275,0.9859331111460269,1.5338928794047895,Expansion,High volatility,-0.5168640744549006,0.031095693803862012,60
2003-08-01,1.4975725501459642,0.9805885997555032,1.5265067655060225,Expansion,High volatility,-0.5169839503904611,0.028934215360058246,60
2003-09-01,1.4645071358567223,1.0052357256824114,1.5230893231189957,Expansion,High volatility,-0.45927141017431095,0.05858218726227338,60
2003-10-01,1.4438022948998324,1.051331258157393,1.5434084571626605,Expansion,High volatility,-0.3924710367424393,0.09960616226282815,60
2003-11-01,1.4044371095939416,1.0154136170514085,1.4975614656196354,Expansion,High volatility,-0.3890234925425331,0.0931243560256938,60
2003-12-01,1.4326812459772136,1.040053672431323,1.5294665333241229,Expansion,Low volatility,-0.3926275735458906,0.09678528734690928,60
2004-01-01,1.464230201385572,1.117056661702246,1.6023707965988683,Expansion,Low volatility,-0.347173539683326,0.13814059521329636,60
2004-02-01,1.5175039340298322,1.1495481674475008,1.6547413307657288,Expansion,Low volatility,-0.3679557665823314,0.13723739673589663,60
2004-03-01,1.541936589632306,1.1949025498308712,1.7024877618371153,Expansion,Low volatility,-0.3470340398014349,0.1605511722048092,60
2004-04-01,1.5058249800689403,1.178062390310805,1.6690345544680616,Expansion,Low volatility,-0.3277625897581353,0.16320957439912132,60
2004-05-01,1.4659523344024108,1.1802400575775969,1.6448363300496283,Expansion,Low volatility,-0.2857122768248139,0.17888399564721746,60
2004-06-01,1.4412089235804353,1.17759240848435,1.62978692650372,Expansion,Low volatility,-0.2636165150960852,0.18857800292328464,60
2004-07-01,1.4421363662771212,1.192939720999087,1.6391164849821172,Expansion,Low volatility,-0.2491966452780341,0.196980118704996,60
2004-08-01,1.473759799356291,1.2184144843762081,1.6756625969753927,Expansion,Low volatility,-0.25534531498008284,0.20190279761910168,60
2004-09-01,1.5200036183320909,1.265505061693714,1.7367131065064234,Expansion,Low volatility,-0.25449855663837684,0.21670948817433255,60
2004-10-01,1.5024568820524975,1.2829720821238495,1.7385060043772678,Expansion,Low volatility,-0.219484799928648,0.23604912232477027,60
2004-11-01,1.5873985089545937,1.2977115321072497,1.7973041429584646,Expansion,Low volatility,-0.289686976847344,0.20990563400387097,60
2004-12-01,1.701428000331865,1.3152419362025776,1.8746417941005185,Expansion,Low volatility,-0.38618606412928735,0.17321379376865353,60
2005-01-01,1.7221950231658265,1.3253069186471451,1.8927265747939677,Expansion,Low volatility,-0.3968881045186814,0.17053155162814115,60
2005-02-01,2.693655734660129,1.4545827071508923,2.4756813566245572,Expansion,Low volatility,-1.2390730275092365,-0.21797437803557163,60
2005-03-01,2.6344266761334767,1.3899629786528571,2.3957375967160264,Expansion,Low volatility,-1.2444636974806196,-0.23868907941745032,60
2005-04-01,2.6359501022048524,1.3815919802932428,2.3662552769269705,Expansion,Low volatility,-1.2543581219116096,-0.2696948252778819,60
2005-05-01,2.618414738239647,1.3488683790556493,2.325851680483648,Expansion,Low volatility,-1.269546359183998,-0.292563057755999,60
2005-06-01,2.6582809307391893,1.3608019696233737,2.354471523397586,Expansion,Low volatility,-1.2974789611158155,-0.30380940734160333,60
2005-07-01,2.5722452811475125,1.3173099014853953,2.275565222063987,Expansion,Low volatility,-1.2549353796621172,-0.29668005908352546,60
2005-08-01,2.7842436551749956,1.286790989661845,2.3072078679105608,Expansion,Low volatility,-1.4974526655131506,-0.47703578726443485,60
2005-09-01,2.695800806055948,1.229105165361048,2.2272436033125875,Expansion,Low volatility,-1.4666956406948999,-0.46855720274336043,60
2005-10-01,2.6251900686411718,1.2080607318359657,2.170102533767503,Expansion,Low volatility,-1.417129336805206,-0.4550875348736687,60
2005-11-01,2.5308007277436646,1.1892992900192496,2.1223908156186067,Expansion,Low volatility,-1.341501437724415,-0.40840991212505795,60
2005-12-01,2.447655337602074,1.104742877647331,2.0409022967881185,Expansion,Low volatility,-1.342912459954743,-0.40675304081395547,60
2006-01-01,2.3937242685774036,1.693327134985931,2.5183184424810805,Expansion,Low volatility,-0.7003971335914727,0.12459417390367689,60
2006-02-01,2.5108171178710417,1.6411606438449924,2.7183178508068715,Expansion,Low volatility,-0.8696564740260493,0.20750073293582982,60
2006-03-01,2.446652369199993,1.5953200435225416,2.676532641389741,Expansion,Low volatility,-0.8513323256774514,0.22988027218974771,60
2006-04-01,2.423813191906529,1.5829539467085836,2.6477516334762186,Expansion,Low volatility,-0.8408592451979453,0.22393844156968967,60
2006-05-01,2.4221414403034003,1.4687152376311772,2.569858040722617,Expansion,Low volatility,-0.9534262026722231,0.14771660041921653,60
2006-06-01,2.4354962887595812,1.4710887863353481,2.579337620382832,Expansion,Low volatility,-0.9644075024242331,0.14384133162325075,60
2006-07-01,2.4378814043945014,1.4074073133013842,2.5421491301844816,Expansion,Low volatility,-1.0304740910931172,0.10426772578998023,60
2006-08-01,2.470913073944024,1.362989639633548,2.5075573102347235,Expansion,Low volatility,-1.1079234343104762,0.03664423629069935,60
2006-09-01,2.546477343596752,1.302276253462259,2.448513269641113,Expansion,Low volatility,-1.2442010901344929,-0.09796407395563866,60
2006-10-01,2.4720975125202758,1.569526820525075,2.644234875622314,Expansion,Low volatility,-0.9025706919952008,0.17213736310203842,60
2006-11-01,2.4146031274719997,1.7935548630442482,2.7569086859343703,Expansion,Low volatility,-0.6210482644277515,0.34230555846237065,60
2006-12-01,2.4143467969006815,1.8172077715261565,2.7745509779722504,Expansion,Low volatility,-0.597139025374525,0.3602041810715688,60
2007-01-01,2.2670723696993007,1.7521013821485136,2.6786812895229835,Expansion,Low volatility,-0.5149709875507871,0.41160891982368275,60
2007-02-01,2.263558450345341,1.6945199359100789,2.658681237190897,Expansion,Low volatility,-0.5690385144352623,0.395122786845556,60
2007-03-01,2.190971472407225,1.7203495455881594,2.6371435261246567,Expansion,Low volatility,-0.4706219268190657,0.4461720537174316,60
2007-04-01,2.1508620918559807,1.710331512832243,2.6419644918428022,Expansion,Low volatility,-0.4405305790237377,0.4911023999868216,60
2007-05-01,2.0206395376627095,1.722733276193145,2.610703943345969,Expansion,Low volatility,-0.29790626146956445,0.5900644056832594,60
2007-06-01,2.0782746525033877,1.6168984733379546,2.5248192371936264,Expansion,Low volatility,-0.46137617916543316,0.4465445846902387,60
2007-07-01,2.358081076890424,1.4842715150492864,2.5161968934791537,Expansion,Low volatility,-0.8738095618411377,0.15811581658872953,60
2007-08-01,2.267539892744784,1.527281952846687,2.498512909622167,Expansion,Low volatility,-0.7402579398980971,0.23097301687738314,60
2007-09-01,2.4099977369224628,1.5502358370898581,2.587556914596302,Expansion,Low volatility,-0.8597618998326046,0.17755917767383922,60
2007-10-01,2.349738770409253,1.8347703562690194,2.7629195701182856,Expansion,Low volatility,-0.5149684141402338,0.41318079970903243,60
2007-11-01,2.434964629287917,2.816397118789675,3.6095469058605203,Expansion,Low volatility,0.381432489501758,1.1745822765726035,60
2007-12-01,2.4708629598666447,2.949392745668004,4.1417170328774695,Expansion,Low volatility,0.4785297858013591,1.6708540730108248,60
2008-01-01,2.469881407776483,2.6955729661910395,3.9371527813725207,Recession,Low volatility,0.22569155841455668,1.4672713735960379,60
2008-02-01,2.6700582641117268,2.8199278386122266,4.225017763959384,Recession,Low volatility,0.14986957450049987,1.5549594998476572,60
2008-03-01,2.8136759912167486,2.841212605907146,4.386075936971726,Recession,Low volatility,0.027536614690397254,1.5723999457549773,60
2008-04-01,2.8096380295579877,2.905600616777672,4.380886892448957,Recession,Low volatility,0.09596258721968409,1.571248862890969,60
2008-05-01,2.8795018954448053,3.0994504521446635,4.364622731443762,Recession,Low volatility,0.21994855669985824,1.485120835998957,60
2008-06-01,2.2771923798932368,2.7130446427376254,3.2189348898438315,Recession,Low volatility,0.4358522628443886,0.9417425099505947,60
2008-07-01,2.235701522075499,2.692581047425731,3.1965538438525765,Recession,Low volatility,0.456879525350232,0.9608523217770775,60
2008-08-01,1.9939197304388423,2.842798149124397,3.0711156425740835,Recession,Low volatility,0.8488784186855547,1.0771959121352412,60
2008-09-01,1.6423931969820518,2.8049354375024587,2.8221419028488275,Recession,Low volatility,1.1625422405204069,1.1797487058667757,60
2008-10-01,1.6879741313626442,1.9680452116164755,2.420493520113461,Recession,High volatility,0.2800710802538313,0.732519388750817,60
2008-11-01,1.7837224813734587,1.8525563993192475,2.487802554977302,Recession,High volatility,0.06883391794578886,0.7040800736038435,60
2008-12-01,1.784528211188891,1.853683690261816,2.4876571001983243,Recession,High volatility,0.06915547907292496,0.7031288890094334,60
2009-01-01,1.8061798598800087,1.4176093816172972,2.254001782067121,Recession,High volatility,-0.3885704782627115,0.44782192218711225,60
2009-02-01,1.667924168518309,1.095421924392228,1.8468837823796231,Recession,High volatility,-0.572502244126081,0.1789596138613141,60
2009-03-01,1.5915141666587214,1.0292732937110607,1.732791070827167,Recession,High volatility,-0.5622408729476607,0.14127690416844563,60
2009-04-01,1.232231826429614,0.7948956796372504,1.256992097396035,Recession,High volatility,-0.43733614679236354,0.024760270966420972,60
2009-05-01,1.2798926167022249,0.828629574332215,1.3061950651835537,Recession,High volatility,-0.4512630423700099,0.02630244848132879,60
2009-06-01,1.2740935790960335,0.7852367745899509,1.2761185519805383,Recession,High volatility,-0.4888568045060826,0.002024972884504761,60
2009-07-01,1.2818015811869996,0.7800383263833183,1.2803920754608702,Expansion,High volatility,-0.5017632548036813,-0.001409505726129412,60
2009-08-01,1.1199146307429761,0.5127346865519654,0.9542448748909602,Expansion,High volatility,-0.6071799441910107,-0.16566975585201593,60
2009-09-01,1.154291620961956,0.4842952673263442,0.9531656098508869,Expansion,High volatility,-0.6699963536356118,-0.2011260111110691,60
2009-10-01,1.1514113607455574,0.5075903050553895,0.9694422806262122,Expansion,High volatility,-0.6438210556901679,-0.1819690801193452,60
2009-11-01,1.0740050147062854,0.5275483830632842,0.9467435763699413,Expansion,High volatility,-0.5464566316430012,-0.12726143833634407,60
2009-12-01,1.1335039572482022,0.5542613130311476,0.9945988529745468,Expansion,High volatility,-0.5792426442170546,-0.13890510427365543,60
2010-01-01,1.1141391739417368,0.4474590968445873,0.9091035396771399,Expansion,High volatility,-0.6666800770971495,-0.20503563426459692,60
2010-02-01,1.0961469477668688,0.4228252451885,0.8837275975939389,Expansion,High volatility,-0.6733217025783689,-0.2124193501729299,60
2010-03-01,1.1176687595748405,0.41805057746671703,0.8925075041221512,Expansion,High volatility,-0.6996181821081234,-0.22516125545268928,60
2010-04-01,0.992801126506602,0.3271519364562567,0.7432257584929917,Expansion,Low volatility,-0.6656491900503454,-0.24957536801361035,60
2010-05-01,1.0224715719143014,0.28479229962098906,0.7241711063267369,Expansion,Low volatility,-0.7376792722933123,-0.2983004655875645,60
2010-06-01,0.9410225815268284,0.2620872249960879,0.6680408250729305,Expansion,High volatility,-0.6789353565307406,-0.2729817564538979,60
2010-07-01,0.9320069765932822,0.2602605094597194,0.6624445611954716,Expansion,High volatility,-0.6717464671335629,-0.2695624153978107,60
2010-08-01,0.9276244648897332,0.2473220124988859,0.6512631024862465,Expansion,High volatility,-0.6803024523908472,-0.27636136240348663,60
2010-09-01,0.8909156668937633,0.32852114232290963,0.697913609649959,Expansion,High volatility,-0.5623945245708537,-0.19300205724380437,60
2010-10-01,0.8580299924719548,0.36632554038540077,0.7121562876462552,Expansion,High volatility,-0.491704452086554,-0.1458737048256996,60
2010-11-01,0.8485628289403054,0.31258078050385096,0.6659261955618978,Expansion,High volatility,-0.5359820484364545,-0.18263663337840763,60
2010-12-01,0.7706140171996076,0.32503615358189186,0.6408857404017829,Expansion,High volatility,-0.4455778636177158,-0.12972827679782473,60
2011-01-01,0.7781606600363163,0.26163467105133437,0.5967012922395669,Expansion,High volatility,-0.516525988984982,-0.18145936779674943,60
2011-02-01,0.7143069189064948,0.18587306382239352,0.5039536046163776,Expansion,High volatility,-0.5284338550841012,-0.21035331429011717,60
2011-03-01,0.712397410513949,0.18826117217284116,0.5047888878160877,Expansion,High volatility,-0.5241362383411079,-0.20760852269786134,60
2011-04-01,0.6593972585944535,0.2148730033250743,0.497978831630025,Expansion,High volatility,-0.4445242552693792,-0.16141842696442854,60
2011-05-01,0.5985235015579039,0.27037522850915263,0.5061102756425022,Expansion,High volatility,-0.32814827304875127,-0.09241322591540169,60
2011-06-01,0.591836703198474,0.27523076588658696,0.5065025473960065,Expansion,High volatility,-0.3166059373118871,-0.0853341558024675,60
2011-07-01,0.5761729123534393,0.23303708784792387,0.4669198869941819,Expansion,Low volatility,-0.3431358245055154,-0.10925302535925735,60
2011-08-01,0.6760125505946604,0.22241357504950773,0.5137216985198272,Expansion,Low volatility,-0.4535989755451526,-0.16229085207483318,60
2011-09-01,0.7680398938863489,0.20848375978406639,0.5508184602604077,Expansion,High volatility,-0.5595561341022824,-0.21722143362594115,60
2011-10-01,0.8726206774062174,0.24707621787091044,0.6291384999409809,Expansion,Low volatility,-0.625544459535307,-0.24348217746523648,60
2011-11-01,0.8948871873778422,0.31597309806666074,0.6863907490782456,Expansion,High volatility,-0.5789140893111815,-0.20849643829959663,60
2011-12-01,0.8406900146840264,0.2987504996144704,0.649337195225667,Expansion,High volatility,-0.541939515069556,-0.19135281945835936,60
2012-01-01,0.8816731971823285,0.305715856586417,0.6736958804410548,Expansion,High volatility,-0.5759573405959115,-0.20797731674127373,60
2012-02-01,0.8290299976449926,0.2777791023295201,0.626468310628029,Expansion,High volatility,-0.5512508953154726,-0.20256168701696364,60
2012-03-01,0.8109314655750252,0.25733452812079877,0.602863343113305,Expansion,High volatility,-0.5535969374542264,-0.20806812246172013,60
2012-04-01,0.8259593314692368,0.22987560654566366,0.590710782727293,Expansion,High volatility,-0.5960837249235732,-0.23524854874194379,60
2012-05-01,0.9038386136682343,0.15760392048578414,0.5756975901469248,Expansion,High volatility,-0.7462346931824502,-0.32814102352130947,60
2012-06-01,0.8349077561741783,0.23159098762734776,0.5983191002581794,Expansion,High volatility,-0.6033167685468306,-0.23658865591599898,60
2012-07-01,0.8401432223430254,0.30023411192070587,0.6491346250844923,Expansion,High volatility,-0.5399091104223195,-0.19100859725853314,60
2012-08-01,0.8740335701301819,0.2662339750693949,0.6402467480228258,Expansion,High volatility,-0.6077995950607871,-0.23378682210735613,60
2012-09-01,0.8778053075085087,0.21759964204526736,0.6062370749265369,Expansion,High volatility,-0.6602056654632413,-0.2715682325819718,60
2012-10-01,0.9411526080542076,0.2106762616631091,0.6337247269615,Expansion,High volatility,-0.7304763463910986,-0.3074278810927077,60
2012-11-01,0.9157804790491045,0.2352651142883571,0.6377204034188162,Expansion,Low volatility,-0.6805153647607474,-0.27806007563028834,60
2012-12-01,0.8528938488868693,0.19112546774306183,0.5754534023145069,Expansion,Low volatility,-0.6617683811438074,-0.27744044657236233,60
2013-01-01,0.8870368543975793,0.2812540408654813,0.6589095315307117,Expansion,Low volatility,-0.605782813532098,-0.22812732286686754,60
2013-02-01,0.8698489018615726,0.25466686530470417,0.6328272559866687,Expansion,Low volatility,-0.6151820365568684,-0.23702164587490393,60
2013-03-01,0.8348533596649352,0.2335717185364365,0.6007705658092785,Expansion,Low volatility,-0.6012816411284987,-0.23408279385565678,60
2013-04-01,0.754517482807829,0.18811325884925695,0.5281357037990859,Expansion,Low volatility,-0.566404223958572,-0.22638177900874312,60
2013-05-01,0.7201747553411939,0.10014651189200352,0.4452702517691745,Expansion,Low volatility,-0.6200282434491904,-0.2749045035720194,60
2013-06-01,0.8783880683639708,0.20051679594050056,0.602095823925327,Expansion,Low volatility,-0.6778712724234702,-0.27629224443864375,60
2013-07-01,0.8569703715149997,0.05393661776052577,0.4908738156704076,Expansion,Low volatility,-0.803033753754474,-0.36609655584459205,60
2013-08-01,0.9353471433102124,0.010326959370800554,0.4933062827921272,Expansion,Low volatility,-0.9250201839394119,-0.4420408605180852,60
2013-09-01,1.0535398303163706,0.003291029860277056,0.532602292814297,Expansion,Low volatility,-1.0502488004560935,-0.5209375375020735,60
2013-10-01,1.0578745521626212,0.20292264754650804,0.686784940163932,Expansion,Low volatility,-0.8549519046161131,-0.3710896119986892,60
2013-11-01,0.8879693569324092,0.2928488272195909,0.6372020108144703,Expansion,Low volatility,-0.5951205297128184,-0.25076734611793894,60
2013-12-01,0.7653273098268631,0.22219156312034924,0.5304165963074505,Expansion,Low volatility,-0.5431357467065139,-0.23491071351941262,60
2014-01-01,0.6929934257488553,0.311574387824854,0.5439226989052788,Expansion,Low volatility,-0.3814190379240012,-0.14907072684357647,60
2014-02-01,0.7165260542030509,0.46535923276005575,0.6663658521325448,Expansion,Low volatility,-0.2511668214429952,-0.05016020207050609,60
2014-03-01,0.7491632613940229,0.5578509514293515,0.7449742438320611,Expansion,Low volatility,-0.1913123099646714,-0.004189017561961772,60
2014-04-01,1.098825927043408,0.8480084724292823,1.1597377417756443,Expansion,Low volatility,-0.25081745461412563,0.06091181473223628,60
2014-05-01,1.0471196718996856,0.8591458030468132,1.1429906325170804,Expansion,Low volatility,-0.18797386885287237,0.09587096061739486,60
2014-06-01,0.9570886786024575,0.8713080983447091,1.10678329225292,Expansion,Low volatility,-0.08578058025774837,0.14969461365046244,60
2014-07-01,0.9344688469914506,0.8941469177607767,1.1019614917052967,Expansion,Low volatility,-0.0403219292306739,0.16749264471384606,60
2014-08-01,1.0356082279899148,1.3665119008592779,1.5504357601232948,Expansion,Low volatility,0.33090367286936306,0.51482753213338,60
2014-09-01,1.0193986945365487,1.334533290682968,1.5272817848974065,Expansion,Low volatility,0.31513459614641937,0.5078830903608578,60
2014-10-01,0.9648646455756453,1.3700383683505144,1.5459527332638279,Expansion,Low volatility,0.40517372277486907,0.5810880876881825,60
2014-11-01,0.9803787125551824,1.3759617383242162,1.55710358470917,Expansion,Low volatility,0.3955830257690338,0.5767248721539877,60
2014-12-01,0.892381783877982,1.375202090954155,1.5151228498756546,Expansion,Low volatility,0.48282030707617296,0.6227410659976726,60
2015-01-01,0.8949871956832699,1.566238187922792,1.6273620321935578,Expansion,Low volatility,0.6712509922395221,0.7323748365102879,60
2015-02-01,0.9318956772479876,1.4932648627752203,1.6071334214008763,Expansion,Low volatility,0.5613691855272327,0.6752377441528887,60
2015-03-01,0.8982097402239578,1.5837767476855065,1.6466359136817055,Expansion,Low volatility,0.6855670074615486,0.7484261734577476,60
2015-04-01,0.9311935455170478,1.6740980126435767,1.741683335621319,Expansion,Low volatility,0.7429044671265289,0.8104897901042712,60
2015-05-01,0.9906232047831601,1.8645481149238636,1.8826848015390234,Expansion,Low volatility,0.8739249101407035,0.8920615967558633,60
2015-06-01,1.0084218059180559,1.8986183816892352,1.9218755556447036,Expansion,Low volatility,0.8901965757711794,0.9134537497266477,60
2015-07-01,0.9521392717161742,1.9274799982392583,2.00091780244067,Expansion,Low volatility,0.9753407265230841,1.048778530724496,60
2015-08-01,0.967326117627829,1.8514887542466316,1.974992118214955,Expansion,Low volatility,0.8841626366188026,1.0076660005871259,60
2015-09-01,1.07207740003666,1.8395524225943805,1.9801821959936674,Expansion,Low volatility,0.7674750225577205,0.9081047959570074,60
2015-10-01,1.0168766879938822,1.8463269556208741,1.9578574192310154,Expansion,Low volatility,0.8294502676269919,0.9409807312371332,60
2015-11-01,1.0111821530063168,1.9280219825577949,2.0314434882261034,Expansion,Low volatility,0.9168398295514781,1.0202613352197867,60
2015-12-01,1.2242552470418055,1.9524261200652286,2.1574357741568475,Expansion,Low volatility,0.7281708730234231,0.933180527115042,60
2016-01-01,1.2583808218626327,2.0828821855361,2.253502377422938,Expansion,Low volatility,0.8245013636734673,0.9951215555603052,60
2016-02-01,1.37466152655792,2.1770919752027362,2.4351441972157564,Expansion,Low volatility,0.8024304486448162,1.0604826706578363,60
2016-03-01,1.3908993130537215,1.958151620451343,2.2969402182310876,Expansion,Low volatility,0.5672523073976214,0.9060409051773661,60
2016-04-01,1.0018146779014474,1.3661029357546384,1.4652974716144311,Expansion,High volatility,0.36428825785319097,0.46348279371298373,60
2016-05-01,1.089375798149683,1.43703545958953,1.5385421238933856,Expansion,High volatility,0.34765966143984706,0.44916632574370263,60
2016-06-01,1.1598940182602322,1.3812610799287237,1.5488310540199461,Expansion,High volatility,0.22136706166849152,0.38893703575971394,60
2016-07-01,1.0467096449009559,1.333986677687978,1.4442527205878257,Expansion,High volatility,0.2872770327870222,0.39754307568686986,60
2016-08-01,0.9527956601797891,1.2694523282007133,1.3508578101999,Expansion,High volatility,0.3166566680209242,0.3980621500201109,60
2016-09-01,0.8244912046551394,1.240920520769846,1.2627428532589033,Expansion,Low volatility,0.41642931611470657,0.438251648603764,60
2016-10-01,0.7989819862916737,1.2064615892068193,1.2381321791449431,Expansion,Low volatility,0.4074796029151456,0.4391501928532694,60
2016-11-01,0.7099893683882117,1.1060569135566092,1.1244176259858574,Expansion,Low volatility,0.3960675451683975,0.4144282575976457,60
2016-12-01,0.7454895062515093,1.0952424518083983,1.132178751371271,Expansion,Low volatility,0.34975294555688896,0.38668924511976177,60
