window_months,model,windows,mean_annualized_sharpe,median_annualized_sharpe
36,Official GAN,265,3.637537113399125,3.37639637917302
36,GAN–LSTM original,265,2.889583311371452,2.2969065065033196
36,GAN–LSTM reduced schedule,265,1.9915930361082237,1.4056577469593978
36,GAN–Transformer reduced schedule,265,1.4671828586964621,1.4718654868521686
36,50/50 blend,265,2.166060747818994,1.9715498084657703
60,Official GAN,241,3.198558957983108,2.6110598734057606
60,GAN–LSTM original,241,2.5035686071452568,1.8759502815601146
60,GAN–LSTM reduced schedule,241,1.7950189422815133,1.4958245287589034
60,GAN–Transformer reduced schedule,241,1.2284753146626175,1.2841353082506304
60,50/50 blend,241,1.871251721319452,1.6720416589514957
