date,Official GAN,GAN–LSTM original,GAN–LSTM reduced schedule,GAN–Transformer reduced schedule,50/50 blend,window_months
1992-01-01,,,,,,36
1992-02-01,,,,,,36
1992-03-01,,,,,,36
1992-04-01,,,,,,36
1992-05-01,,,,,,36
1992-06-01,,,,,,36
1992-07-01,,,,,,36
1992-08-01,,,,,,36
1992-09-01,,,,,,36
1992-10-01,,,,,,36
1992-11-01,,,,,,36
1992-12-01,,,,,,36
1993-01-01,,,,,,36
1993-02-01,,,,,,36
1993-03-01,,,,,,36
1993-04-01,,,,,,36
1993-05-01,,,,,,36
1993-06-01,,,,,,36
1993-07-01,,,,,,36
1993-08-01,,,,,,36
1993-09-01,,,,,,36
1993-10-01,,,,,,36
1993-11-01,,,,,,36
1993-12-01,,,,,,36
1994-01-01,,,,,,36
1994-02-01,,,,,,36
1994-03-01,,,,,,36
1994-04-01,,,,,,36
1994-05-01,,,,,,36
1994-06-01,,,,,,36
1994-07-01,,,,,,36
1994-08-01,,,,,,36
1994-09-01,,,,,,36
1994-10-01,,,,,,36
1994-11-01,,,,,,36
1994-12-01,4.362238898885841,4.357715240701011,3.5700575294119683,1.3668423147542497,2.823119960807791,36
1995-01-01,4.779712643417192,4.735714059185123,3.5632563811376547,1.2759650708638426,2.765216599054643,36
1995-02-01,5.824375495478828,5.287312284366923,4.002840566404326,1.6666647975911473,3.3114453651323648,36
1995-03-01,5.954706229872214,5.30956762641242,3.942814308950133,1.746141310993144,3.330674107920654,36
1995-04-01,5.884562789176515,5.355877503649646,3.9406326175802753,1.7474978387220714,3.329168588927759,36
1995-05-01,5.864845752966353,5.25664503968936,3.7955710500798907,1.755528265254324,3.2574511850177896,36
1995-06-01,5.975138519429549,5.343321831546038,3.4399286525974784,1.8123241633959983,3.149802726095124,36
1995-07-01,5.975801065764625,5.209606361117727,3.378540144759182,1.8682928252568116,3.140978995967006,36
1995-08-01,5.958802613004194,5.166201533179882,3.2487241529514868,1.9542619835883561,3.0578228748463627,36
1995-09-01,5.983277419196267,5.1761122657180705,3.176852830412978,1.8144446256570945,2.9228537970297452,36
1995-10-01,6.1518032610629385,5.347106426169212,3.3015210415310645,2.008397762653954,3.1230790695416335,36
1995-11-01,6.1288098044932005,5.383772547089274,3.2913142032570586,2.109809898729304,3.1998521875217008,36
1995-12-01,6.138049844259713,5.410341667341449,3.2739320609733213,2.1247695008643306,3.192125929980999,36
1996-01-01,6.209892805557149,5.777224314763096,3.276649822345172,2.043671970373629,3.098037917839153,36
1996-02-01,6.13882421832932,5.706141814979752,3.251828993231202,2.0853487857457895,3.055996888292713,36
1996-03-01,5.7177715170433,5.761944814937063,3.12043733960386,1.9123508301001009,2.9074451499226988,36
1996-04-01,5.33514108125448,5.4096382871931965,2.9741852705332783,1.6456143620668797,2.5412475192314408,36
1996-05-01,5.793843950061258,5.588965431697208,3.0399740096056487,1.5495334524787032,2.525652313254822,36
1996-06-01,5.771274869507647,5.573735259225156,3.2427210639880197,1.7127701111674996,2.779793827280995,36
1996-07-01,5.781039749698859,5.578625332247466,3.241656583247687,1.8658564599282994,2.8302815091440627,36
1996-08-01,5.874545700927767,5.552783290771203,3.347595982597872,1.816690658244698,2.8349177331454576,36
1996-09-01,5.801944833569203,5.449903873127619,3.2914285695007726,1.8241082547786942,2.8202367736230842,36
1996-10-01,6.109215644739538,5.6796961933028225,3.570041121173193,2.0411128280317126,3.0781490483469045,36
1996-11-01,7.103858809010704,6.083052422424587,3.8506799613198415,2.2723504658377687,3.392584724362308,36
1996-12-01,7.150274159734716,6.2329587395713,3.781343658986307,2.2687153480341116,3.4390959854287915,36
1997-01-01,7.250066793010644,6.086515793761219,3.792633659936711,2.02619885114826,3.307591639996681,36
1997-02-01,7.741936045476493,6.697798148209422,3.862830960252689,2.3716007021822834,3.6815750109010366,36
1997-03-01,7.912530472619526,6.886785669986013,3.888257597427061,2.631948391173295,3.876306366358758,36
1997-04-01,7.924438530985447,6.897819864594529,3.834764542834977,2.606780335371779,3.806627077881469,36
1997-05-01,8.181553215830382,7.220082427831574,4.036220213157008,2.764453194983578,4.0278915189278495,36
1997-06-01,7.932036137230763,7.143403298003646,4.137185104387612,2.788025594138386,4.078475212622558,36
1997-07-01,7.856118236014427,7.264649612722332,4.014143891531144,2.621113341626166,3.862040715274856,36
1997-08-01,7.3570659402879555,6.893543247600399,3.8096415319061054,2.297394297317368,3.5178701028328034,36
1997-09-01,7.404186849794375,6.968799092268924,3.85683585969444,2.3361648377963244,3.70652131429541,36
1997-10-01,7.442180555198055,6.926958974437129,3.857714232958042,2.151328680793782,3.523774328768663,36
1997-11-01,7.744303370363406,7.079447275046637,3.8689800986580405,2.1595626754964545,3.538051824815658,36
1997-12-01,8.11409423127273,7.352947033303647,3.632722075262746,2.2131038023079768,3.5426041896692135,36
1998-01-01,8.01935931221486,7.350474288702378,3.6417255071431502,1.9932286565324806,3.369931381744535,36
1998-02-01,7.965002381388804,7.33989944275698,3.6259652230287616,1.985884321095837,3.3712059027415946,36
1998-03-01,7.941138943431587,7.358810055973382,3.6815244913522367,1.978721422372737,3.376117434097536,36
1998-04-01,7.832630045434962,7.051987704756853,3.584977680121199,1.791451684701992,3.1691132883587128,36
1998-05-01,7.99941198541665,7.216735588022075,3.735458690586482,1.8526666623136328,3.289103046181309,36
1998-06-01,7.889138493041068,7.407095537393391,3.9515799520220733,1.7379438279755846,3.2204875159871302,36
1998-07-01,7.563407780362222,7.578686358119706,3.9457339003750564,1.6851816244459499,3.1679722172195746,36
1998-08-01,7.393960136934677,7.6493682662692954,4.018848564299325,1.564125331486341,3.24574511512642,36
1998-09-01,7.264572361808082,7.587372404571392,4.174987309556268,1.5995076414530798,3.3984714609201925,36
1998-10-01,7.324336584000989,7.548798747662587,4.182241976725798,1.4528310663271309,3.2894657199788973,36
1998-11-01,7.0611297055084,7.3571397292678355,4.244673822395619,1.4718654868521686,3.295167217309907,36
1998-12-01,7.063341831274798,7.296915444503283,4.16737513644978,1.3743508175857249,3.230901111724689,36
1999-01-01,6.933098757507028,7.229344270768658,3.9734829293619995,1.2517871623233772,2.982877209325624,36
1999-02-01,6.943577386697519,7.358325380356628,3.7753338526987426,1.2563753316890467,2.902866347248662,36
1999-03-01,6.747877165831218,6.013257451412168,3.828630597792954,1.1104758290089758,2.773599045055939,36
1999-04-01,6.609045933543323,5.052975954386726,4.055430461256878,1.3473364610142882,3.142397926232521,36
1999-05-01,6.5868272219212,5.20560997159755,4.114424696032346,1.4983700231989792,3.3497599146470463,36
1999-06-01,6.602739558873892,5.244057000350377,4.087729887022085,1.57058096782895,3.3486232373891336,36
1999-07-01,6.562251799747625,5.246149295823925,4.092985700230123,1.490934746224138,3.342246097478546,36
1999-08-01,6.561763960461083,5.092011217943584,3.8867129905194506,1.420460458809987,3.181894082796453,36
1999-09-01,6.48866759998324,5.032334946013327,3.7086364268877317,1.3900460994763202,3.070985310048177,36
1999-10-01,6.3329983977746345,5.015331242712969,3.6171320797880644,1.2202570330130216,2.9426817033509685,36
1999-11-01,6.298476129403058,5.169575172888392,3.202598540298239,1.1458917615465747,2.719832130256706,36
1999-12-01,6.26345186579702,4.392119815640282,2.2716306297870683,0.9449743350135985,2.0848260109395356,36
2000-01-01,5.768212575284157,4.37974183224257,2.2142665439034337,1.1400757280600688,2.1510019750827674,36
2000-02-01,5.552216822934095,2.2917641455825235,0.7296847003368336,0.6721780549909337,0.8176880609436112,36
2000-03-01,5.557944476291652,2.3089009831024687,0.8245856750816534,0.7908665517839638,0.9235605918059921,36
2000-04-01,5.149282913348806,2.302822305088984,0.938416495249777,0.7812535072958308,1.0070772393231693,36
2000-05-01,4.9109231844451635,2.2059331408339626,0.8658149178178989,0.774470628659335,0.9563907538914718,36
2000-06-01,4.874998125191758,2.232187214598513,0.8319281407043941,0.7088792629923442,0.9047518376000449,36
2000-07-01,4.974456146890013,2.2589202051160444,0.9692846246575406,0.8843431499397167,1.067672916954865,36
2000-08-01,5.2220044679299855,2.33512604917952,0.8816740773345874,1.1240761526036995,1.1271292424223527,36
2000-09-01,5.300842734646171,2.3857680376099113,0.9124943463110303,1.305060414116116,1.2138136041233973,36
2000-10-01,5.264820082913925,2.3876208395322,0.9902742713980962,1.4074863976899854,1.3120568962210366,36
2000-11-01,5.180758211713269,2.3865633636367236,1.1061897702901569,1.4728685216472996,1.416404567408369,36
2000-12-01,5.168557822573122,2.376425209609825,1.1965003710912727,1.474442846090809,1.4795446642826957,36
2001-01-01,5.069707325731959,2.353242076189477,1.2197760499936332,0.6142124574398116,1.1385414938444611,36
2001-02-01,4.5560379894810294,2.3052822284898227,1.3049817996959328,0.7728020865195734,1.238386634472637,36
2001-03-01,4.367876340213298,2.3185447530016687,1.3419831873632806,0.8094323693858322,1.2780347414815962,36
2001-04-01,4.455578482879163,2.364852648667197,1.3826629372244716,0.8466895211434983,1.3259380757590742,36
2001-05-01,4.460977548884933,2.360595903709253,1.3991370874516114,0.8914932107535871,1.3610269193901074,36
2001-06-01,4.381596427643799,2.319929070163139,1.4020627576734015,0.9195996974499088,1.3806115715170602,36
2001-07-01,4.541147910974524,2.3845599247957696,1.4229169461422326,1.0372314921933445,1.464452902943066,36
2001-08-01,4.60647578839328,2.379875923916787,1.3143700730262406,1.172614201860425,1.4826350494612597,36
2001-09-01,4.580075084304594,2.3829418956300965,1.1870828231926724,1.2724596390874818,1.4797869143378353,36
2001-10-01,4.554647266939108,2.336522369957596,1.1962795266224648,1.100528288053168,1.3910634992881745,36
2001-11-01,4.281257236615036,2.0890646491129248,1.2276258413790657,0.8722702071621481,1.2759923832725437,36
2001-12-01,4.247381271974016,2.044070671554302,1.2338353634124493,0.8816385902278673,1.2856498423678098,36
2002-01-01,4.24333660312416,2.111893351725363,1.3214065790438176,1.0259192010215277,1.427182158959394,36
2002-02-01,4.346727432535368,2.155654964632252,1.3642701159091235,1.1462169274714769,1.5320393512485924,36
2002-03-01,4.388736710966881,2.326188889562584,1.403643441051873,1.2303015265679302,1.6115785122971915,36
2002-04-01,4.727624979442007,2.602941846686763,1.3757982524822268,1.3308581172057259,1.663367041582637,36
2002-05-01,4.865115183374589,2.6516077922301164,1.3635092665464894,1.3855490468616725,1.688456239172556,36
2002-06-01,4.875707601834836,2.6691663043101412,1.264341063869724,1.4492902732665855,1.6878611350347117,36
2002-07-01,4.682224447199552,2.725295449888445,1.09024636617711,1.5115684510681184,1.632469907225181,36
2002-08-01,4.675656041471761,2.7988153665288897,1.1229500254487164,1.504376711829338,1.6495802840552007,36
2002-09-01,4.829513897770387,2.905782341436191,1.0951133262830293,1.5369684152009566,1.6569134870203028,36
2002-10-01,4.689949796335497,2.8158233728857187,1.1100865435665008,1.426073870816262,1.6006200907868355,36
2002-11-01,3.37639637917302,2.2969065065033196,1.1503934964342692,1.1590036270494353,1.4418572743769504,36
2002-12-01,3.3628736525453755,2.5203282342344804,1.4625511932666995,1.2766409908831953,1.689136479341091,36
2003-01-01,3.3106340531761367,2.429368026801156,1.4578057104097977,1.2204537280080374,1.6457577122729607,36
2003-02-01,3.2761282968275163,3.1119621261164507,2.5053813408074346,1.3221115844323024,2.200900838171517,36
2003-03-01,3.1313537157331837,2.9435586526853523,2.2670009071311843,1.2545900019635174,2.0436283049857598,36
2003-04-01,2.9415866927802323,2.7310234587919693,2.2221799148744945,1.2559644375437065,1.9947493320619925,36
2003-05-01,2.8307771681921587,2.3484631965799347,2.3736576313168087,1.1834239769176234,2.0302364641440707,36
2003-06-01,2.6461227532164266,2.1875397922917363,2.4636601341922555,1.1460751446670587,2.0453599717832627,36
2003-07-01,2.4202755658849364,2.021724722491504,2.431436932867743,1.0960941632703616,1.98541541713453,36
2003-08-01,2.3004663861133827,1.9686826404149134,2.7708803001119375,0.9947027084021541,2.011908843373526,36
2003-09-01,2.3155693163658655,1.9675614923088875,2.6629945518431137,0.9455207985138988,1.9307538080597786,36
2003-10-01,2.2849561156315303,1.948620262195926,2.5538574512336267,0.9805216165486528,1.9143057908638077,36
2003-11-01,2.172879477335885,1.8826363952406466,2.3639868572598473,0.9276568645984882,1.799331352294692,36
2003-12-01,2.1282120422790918,1.8785956265207076,2.346296744919421,0.8515667066509501,1.750583292148692,36
2004-01-01,2.1468208684001455,1.8855708222810812,2.326576488930996,1.5254381734650702,2.34733910567016,36
2004-02-01,2.0400547469031234,1.7959191714232143,2.4685614678756003,1.4392344813609674,2.516993336578908,36
2004-03-01,2.0440390713844185,1.7274829058148722,2.427039594447209,1.332800939265134,2.4326010408280574,36
2004-04-01,1.9791659187998925,1.6663449711434128,2.3383449651038184,1.3267571780990273,2.3720252246144056,36
2004-05-01,1.9196420989204115,1.6179795065829063,2.249916138973054,1.2406113708475415,2.2585551638195787,36
2004-06-01,1.9499521512772684,1.6743406883791045,2.340415530483974,1.2927893619613124,2.348161255395634,36
2004-07-01,1.8988603516821425,1.604244936624527,2.393414735170804,1.2194071850899049,2.331563889742786,36
2004-08-01,1.8792966411892322,1.542371262477071,2.520385762057085,1.1418566077037484,2.3054269513810537,36
2004-09-01,1.8886513840273333,1.554879877955991,2.7702091964539037,1.105949651337567,2.328812473835564,36
2004-10-01,1.8509333372009138,1.5465006649452573,2.6531739974682784,1.3876465047571314,2.5388947214887034,36
2004-11-01,1.9213046746482476,1.7636351603287124,2.643962001036102,1.6975597834918172,2.768015351324198,36
2004-12-01,1.8781921497410334,1.7583320669296014,2.3945415833779005,1.6656802513412552,2.6135604736477847,36
2005-01-01,1.8526888008395261,1.7489865586953621,2.3562985253391293,1.623076449658414,2.5895197623533885,36
2005-02-01,1.7596129567656964,1.6932210383309387,2.3497369152099696,1.562195568484144,2.560441284177257,36
2005-03-01,1.8099204816408214,1.6417076102572534,2.2811042627962714,1.5274775822720197,2.4856278862468284,36
2005-04-01,1.770356448762928,1.4701376406158027,2.3419777007659683,1.3649475474392496,2.4483514353286724,36
2005-05-01,1.7478648132372512,1.4391042023734206,2.192828627824394,1.2764046219137613,2.295498945029859,36
2005-06-01,1.683314242731514,1.3820805973453985,2.3313631867806874,1.1669699207855933,2.2569709803365923,36
2005-07-01,1.5532400354924232,1.1759604787031679,2.6707223118321948,1.0718926076496718,2.2738286506784116,36
2005-08-01,1.5316706512133698,1.127393182830569,2.7032102338883814,1.1519638874600566,2.3478029391136213,36
2005-09-01,1.3927364864410616,1.0047988960325966,2.9592295363098833,1.118884832404074,2.4125492117042358,36
2005-10-01,1.3558514137811795,1.0067806688715082,2.8825778318183857,1.3575121767441984,2.55003907099859,36
2005-11-01,2.047098354949366,1.4759982147441504,2.9172691312573806,2.6670600341417354,3.6139275164088493,36
2005-12-01,2.2746030210105688,1.4142493084399066,2.8452108446616884,2.720761779465504,3.9634467337662165,36
2006-01-01,2.189011816176802,1.4498235390377254,2.818728613830543,3.015965991940268,4.180673352155558,36
2006-02-01,2.2675512639830178,1.5479685502461855,3.0639626570432457,3.1922970380086735,4.648246103348334,36
2006-03-01,2.333615956029991,1.5953721786707056,3.348793141565655,3.2311373956646188,4.98039881537834,36
2006-04-01,2.8378313456657973,1.8425781053772399,3.3019813675017207,3.149263818586366,4.856594799994237,36
2006-05-01,3.1629687657475403,3.033091872802827,3.474103252017325,3.0397699418943356,4.648819002702338,36
2006-06-01,3.4002556076594384,3.211722032816197,3.3555935270274215,3.289599489302145,4.575039467529862,36
2006-07-01,4.073917377485653,3.6375971305119092,3.344123551708035,3.2601704462811467,4.545996393201114,36
2006-08-01,4.318487501343581,3.680886272277091,3.265199861179351,3.683804071367451,4.522557400737862,36
2006-09-01,4.34750190348462,3.6551231223567493,3.0185288377173514,3.6258318990541385,4.306889000327501,36
2006-10-01,4.340599087021958,3.6663821370774445,2.9630732268493407,3.6260361646076107,4.269860815626578,36
2006-11-01,4.998293341011648,3.5022937766820905,3.1432843860768016,3.5603880092677667,4.3321773983259595,36
2006-12-01,4.977962774095154,3.5387422596218916,3.1034848497126513,3.566500565276026,4.395695968512493,36
2007-01-01,4.624094561164644,3.364606659037713,2.7782319475142145,3.492595778637896,4.127713515248422,36
2007-02-01,4.562063904187481,3.301799062355356,2.7565460727864135,3.4472507304249054,4.201630136630568,36
2007-03-01,4.686246478502061,3.4049658644160057,2.61032688084269,3.62022757702987,4.185528661944913,36
2007-04-01,4.748367838299321,3.479064082618381,2.5929248566428584,3.7688182584324466,4.343055917680239,36
2007-05-01,4.60487923110215,3.4073042532596567,2.3836600762737428,3.8911005826439786,4.4819537475892215,36
2007-06-01,4.444745657278622,3.27464439889159,2.323777379148901,3.5513870188665995,4.2851018258674545,36
2007-07-01,3.708452363914238,2.933793048159578,2.315297831104826,3.131894504668825,4.113887434222397,36
2007-08-01,3.6162853873167333,2.9243062751121305,2.092044551750655,3.0913919098818554,3.944285702491355,36
2007-09-01,3.6796287634290152,2.8876089072573965,1.974613059766583,3.110391724605535,3.96041771293893,36
2007-10-01,3.730220226221997,2.909915850792324,1.9812696359481283,3.2032247206303666,4.078824744924935,36
2007-11-01,3.6690801095642254,2.567362957146071,1.956481864776001,3.113337572543923,4.102426002357676,36
2007-12-01,3.686551507026546,2.6822585330229503,2.4265673576639224,3.220333963587109,4.67451569778362,36
2008-01-01,3.825475134375343,2.7796819175078924,2.3621577165224106,2.4839060534524524,3.9826713477974223,36
2008-02-01,3.5785359838650956,2.60471756465448,2.3784524437094747,2.4839011309674195,3.893858713932608,36
2008-03-01,3.5481160921750963,2.6653630528587686,2.3137793104593163,2.6108506321198997,3.978561956790133,36
2008-04-01,3.5636480776122865,2.983379426948459,2.3903655803181914,2.7742137407051053,3.9321316912786273,36
2008-05-01,3.150178088722651,2.8622880623882847,2.573733547314523,2.895753325308813,4.216088380640643,36
2008-06-01,2.347799804369154,2.4397612201638195,1.4561167354751365,2.1364684878070896,2.341014330299341,36
2008-07-01,2.369557552990028,2.7398838288653904,1.5311504330097012,2.1986651247438505,2.4335192044031104,36
2008-08-01,2.2038550307768268,2.6275143259669007,1.1565220891524228,2.1826115578191083,2.2445823125935385,36
2008-09-01,2.2314043898621403,2.72202914640655,0.741180430841964,2.2087860259730867,2.0077599532234287,36
2008-10-01,2.1740278510925544,2.5589216402778243,0.8217341551902327,1.4245410128675413,1.618277193134684,36
2008-11-01,2.2143279207394304,2.652784805540758,1.0296048512190141,1.2340854270904744,1.6559782258119085,36
2008-12-01,2.275783109875989,2.6772221009267563,1.1547023684177065,1.3294887306455179,1.7831940546043379,36
2009-01-01,2.368667944019421,2.6398964448975386,1.2638015489673027,0.8579804393040396,1.5215923635613269,36
2009-02-01,1.9389355386325957,2.5664047854460272,1.1513542976508422,0.5399120030137646,1.1090599486769166,36
2009-03-01,1.9251027778990841,2.5708283523565107,1.1075243256959677,0.4167903669142166,0.9716762223854328,36
2009-04-01,0.8088657353250491,1.2515039134547379,0.6455745208101688,0.1778870757918365,0.47849087216482256,36
2009-05-01,0.8218962094129063,1.2388539981846105,0.6418359762982511,0.2892350683628171,0.5559778869414775,36
2009-06-01,0.9072628633796976,1.2938503949092086,0.6944739477107054,0.28327430254553665,0.579715933791791,36
2009-07-01,0.8888942363444999,1.1162997010986069,0.7784263177806183,0.2995707083046991,0.6414277868883411,36
2009-08-01,0.7233225708223672,0.9344653967467064,0.632963494139828,-0.01160774063221245,0.30896754200911447,36
2009-09-01,0.6912593795570656,0.8842772854794443,0.7701059016669559,0.009384188227069748,0.3921012561740796,36
2009-10-01,0.6769795746746677,0.8613866182740145,0.7680780622816296,-0.0014781870944089348,0.38344295877064904,36
2009-11-01,0.6546130590404065,0.8858860846930536,0.7276828218076341,0.05971295918378906,0.40826968738704966,36
2009-12-01,0.5535998876965331,0.8864280713840179,0.6564160830534544,0.03727962768577515,0.35856694366388353,36
2010-01-01,0.6252525675968548,0.874031775168736,0.7606429090291451,-0.0521349379491872,0.34241803691403355,36
2010-02-01,0.6099687715525651,0.9216169068317975,0.7342189890262093,-0.03874020551466641,0.33852011605757604,36
2010-03-01,0.5994906006382668,0.8607172109877274,0.7952913520790996,-0.10138256050021542,0.32386917410118865,36
2010-04-01,0.5077819506336008,0.7901753762469977,0.7341277776209524,-0.3031941252376488,0.14142341966768587,36
2010-05-01,0.4505211104878342,0.722411398907107,0.8019012643172784,-0.46271054796371114,0.059452472617539075,36
2010-06-01,0.43980558819447596,0.7092930448017892,0.7354698429632157,-0.430060127073379,0.05129382949370669,36
2010-07-01,0.5423185971413499,0.8552455450798344,0.670813940128792,-0.37541834394789797,0.05889239133087982,36
2010-08-01,0.5189142278923423,0.847424007686278,0.7766001151229422,-0.3770106843976347,0.11069972166383903,36
2010-09-01,0.5874856648600228,0.8864204056979847,0.7409841272668124,-0.2998059674190056,0.1448280583593017,36
2010-10-01,0.6054301321495773,0.9104789780056843,0.7122003661138221,-0.321629755580063,0.11635269797278217,36
2010-11-01,0.5906233940076555,0.977856953376311,0.6358196597110639,-0.3384799293716695,0.06572720534172394,36
2010-12-01,0.5939499026016242,0.9006468600104264,0.48940021263999595,-0.3706102350175492,-0.026684742347503745,36
2011-01-01,0.5622464926811075,0.8338623959014276,0.48682302366686253,-0.3150017155374792,0.015190293364748333,36
2011-02-01,0.44846524035730695,0.6551021579888912,0.3387548963526677,-0.4704624764147993,-0.17560786082732854,36
2011-03-01,0.44123779255604817,0.6685277704696703,0.35355752105633464,-0.4671519284634232,-0.1655039593361376,36
2011-04-01,0.3776785809943735,0.6344725251484931,0.2492598933451296,-0.5010718122532444,-0.24676399812491492,36
2011-05-01,0.4379132387925261,0.6571580454853777,0.2219834558338748,-0.5180738615561716,-0.27363125370095054,36
2011-06-01,0.5535658538396392,0.7252259734691665,0.4412768923923403,-0.3785466847851308,-0.06862427433451723,36
2011-07-01,0.399993079276688,0.5765196137464443,0.4510783430390242,-0.6141385396910024,-0.23075654785888378,36
2011-08-01,0.4896468569637151,0.5739624512888224,0.7182705123950452,-0.610235697725231,-0.07361317231223996,36
2011-09-01,0.5003369562493089,0.5360986478297444,1.0398204204090888,-0.6281243502880842,0.05824193711104069,36
2011-10-01,0.6521110948776928,0.6490088347521005,1.1177917279099323,-0.27366858187483245,0.38294208076191866,36
2011-11-01,0.6378591622592055,0.6444028997125032,1.0049062344465687,-0.07877635710986773,0.4097966079077775,36
2011-12-01,0.5421039707584931,0.5414299121946274,0.8501978189377116,-0.11880500871379425,0.3118456657962967,36
2012-01-01,0.4658950164093244,0.5938228991527325,0.7332133669830059,0.13002954435403558,0.4247631200188335,36
2012-02-01,0.6629332153262975,0.6038476513264482,0.7713918296388085,0.3514769682245305,0.6008148025096927,36
2012-03-01,0.7174138975342654,0.6329592279551416,0.7538431477724826,0.4619913396988065,0.6671798986144999,36
2012-04-01,2.12915175086951,1.2062792493880845,1.273431717426151,0.8686626238022311,1.2374505411168357,36
2012-05-01,2.130753888445425,1.1962707835008648,1.245066700583456,0.7852381375310512,1.1705407414320894,36
2012-06-01,2.089530968011707,1.1901375072242473,1.0495394638446878,0.8760158282256308,1.1553775650741986,36
2012-07-01,2.1075876636641597,1.3837213416844667,0.956342892220886,0.905223026102792,1.1180386049499154,36
2012-08-01,2.4213240445513344,1.5266736963033198,1.2257023713092128,1.5199499213726215,1.805789762307797,36
2012-09-01,2.52125140391732,1.5403303099262713,1.0827462890848711,1.4204769666270731,1.6614250047210992,36
2012-10-01,2.624779441933003,1.605740583864895,1.2283188968052634,1.4173398648862168,1.725250963258902,36
2012-11-01,2.7344728115113575,1.6489539166149616,1.2895795552416374,1.3838545639220432,1.7210435060233562,36
2012-12-01,2.781915504370899,1.5413962384050297,1.2544952717157136,1.2789983542632868,1.6107075814132734,36
2013-01-01,2.7903620567591045,1.5795710351482226,1.2893815431558857,1.5421500183762518,1.783670832029601,36
2013-02-01,2.9381273533349352,1.5650923489680948,1.3390063990070709,1.5373861661148442,1.805557501521248,36
2013-03-01,2.9285752634170774,1.5878702812290022,1.1663372313257228,1.5832799195275191,1.725893719323826,36
2013-04-01,3.395997938787891,1.6656568941160652,1.1916961939204487,2.038026849584473,2.0487711456611484,36
2013-05-01,3.6972569319117543,1.6843965181118072,1.135230213972524,1.924017088304702,1.9271156564093392,36
2013-06-01,3.6602731701344076,1.7001957567292745,1.176896420281422,1.9483422471987468,1.9715498084657703,36
2013-07-01,3.6823258459666524,1.5780134178899732,1.2111293003770902,1.7731014861413974,1.8845126403769792,36
2013-08-01,3.772334285782776,1.548374296284849,1.1069757161173592,1.6516898714468142,1.7439117197385694,36
2013-09-01,3.7962990879428586,1.5191548363738672,1.0792694243965515,1.541460165361283,1.5830393252479449,36
2013-10-01,3.789718078402614,1.5624433340464126,1.2378483545080976,1.5289550669746244,1.6594730191696772,36
2013-11-01,3.9086717732618776,1.6076094240264094,1.1479907995222025,1.6586470445180757,1.72122264113089,36
2013-12-01,3.8593250989269925,1.6544291880828672,1.242288144535858,1.5748474403382247,1.7077773132305607,36
2014-01-01,3.800052409898674,1.6381011743828728,1.227954964922787,1.3382516942593665,1.5636839101233373,36
2014-02-01,3.7318573308952847,1.6940420212401948,1.2901931866201337,1.489623832090407,1.7136476961527554,36
2014-03-01,3.8452034515839935,1.6490611929214272,1.304028300110761,1.4805773624977705,1.71440389656674,36
2014-04-01,3.4094609703079937,1.4929556229679615,1.3801654855312566,1.4973536474287326,1.7644472524616372,36
2014-05-01,3.3449948029362413,1.482038113438611,1.4107804011893423,1.5566345043621574,1.8221866196958032,36
2014-06-01,3.2622079033922042,1.4970839319928126,1.3397354215565367,1.5570981287477421,1.785340222740401,36
2014-07-01,3.423585719129534,1.5793506759581495,1.4056577469593978,1.7879832468368244,1.9345767113943808,36
2014-08-01,3.246699665582403,1.5667371587647207,1.154700555094524,1.7709197972976602,1.7924457103437648,36
2014-09-01,2.994949961770838,1.6549682612511958,1.1331564233634674,1.7923639116879506,1.7872153284822276,36
2014-10-01,3.161277720169699,2.6018396881709536,0.8347761799838522,1.7934856024066554,1.7985118535748583,36
2014-11-01,3.139947464979479,2.468661140056236,0.7279010846948151,1.7936405707817833,1.784495571153092,36
2014-12-01,2.4174509345491613,2.001420305310218,0.5853173547864203,1.7981607605440728,1.7127602065370846,36
2015-01-01,2.430591078047681,2.0010281683576996,0.6699966946566013,1.8588571773367961,1.7877192798411903,36
2015-02-01,2.436522711399384,2.068764141205918,0.8326233744274185,1.8442187265396035,1.9078236976380447,36
2015-03-01,2.4197228501869046,2.0784417643950226,0.9248018896323177,1.9260703372006376,2.026020810905796,36
2015-04-01,2.3788650795041595,1.8443405593912867,0.8298828481498819,1.549116472630407,1.6749454824409917,36
2015-05-01,2.3705934513345435,1.9826421356633264,0.8608495018906275,1.7206991203926598,1.7614101332312433,36
2015-06-01,2.2530784260811463,1.9043955984708438,0.9631899790913594,1.6667419035989075,1.7395213044854838,36
2015-07-01,2.209844315847961,1.888351976892393,0.7326628567604467,1.6790538404339075,1.7619546814411282,36
2015-08-01,2.2427767211124134,1.9929158977428107,0.8517089850308084,1.6592477108475492,1.8378459827273106,36
2015-09-01,2.303735098018927,2.1285363391959615,0.9619797147413479,1.7894421668889653,1.9880032507826064,36
2015-10-01,2.3212478018799945,2.1378774251306103,0.6648498669348644,1.784458128424168,1.8497093175838597,36
2015-11-01,2.315497263664101,2.154703114465496,0.5884428597150523,1.8233140344566616,1.857823606129927,36
2015-12-01,2.467645665645672,2.333893280238682,0.8665320142008907,1.927133072059108,2.0657756420671216,36
2016-01-01,2.4702375728820187,2.3693126819875294,0.8477876004609207,2.00228327917848,2.0876043767459187,36
2016-02-01,2.309230204623661,2.253321426216009,0.8386854933066764,1.8715165215574858,2.0014664603990036,36
2016-03-01,2.144999382228126,2.290659794420313,0.977795127544772,1.6396858671977763,1.913614590983737,36
2016-04-01,1.607430684246352,1.4034381356855077,0.47854469687290396,0.9999054935041235,0.9577319039600276,36
2016-05-01,1.7340373322401752,1.6122126973765785,0.6651042320217442,1.2749925511559852,1.2220092374169365,36
2016-06-01,1.8205871582923678,1.6483666403918058,0.8053638471901048,1.2053460264332427,1.2520538555776797,36
2016-07-01,1.6867552209261074,1.6480435896518362,0.6870277773430561,1.152740635473594,1.1471871664591429,36
2016-08-01,1.607900708561282,1.612614660179453,0.6953426594207341,1.1390389405958103,1.142192810334393,36
2016-09-01,1.5958477007898415,1.5440867475382811,0.6827359504419968,1.092613535816231,1.0997228907091392,36
2016-10-01,1.5224905370263628,1.5407681358676482,0.7261901025184968,1.1211638878141357,1.137391350018948,36
2016-11-01,1.4457142026876053,1.5017044568915756,0.744561393022759,1.0227360951384148,1.0675615852503564,36
2016-12-01,1.3976576074069256,1.4985228509276798,0.8202539388160405,1.0718439613411923,1.1391027005864418,36
1992-01-01,,,,,,60
1992-02-01,,,,,,60
1992-03-01,,,,,,60
1992-04-01,,,,,,60
1992-05-01,,,,,,60
1992-06-01,,,,,,60
1992-07-01,,,,,,60
1992-08-01,,,,,,60
1992-09-01,,,,,,60
1992-10-01,,,,,,60
1992-11-01,,,,,,60
1992-12-01,,,,,,60
1993-01-01,,,,,,60
1993-02-01,,,,,,60
1993-03-01,,,,,,60
1993-04-01,,,,,,60
1993-05-01,,,,,,60
1993-06-01,,,,,,60
1993-07-01,,,,,,60
1993-08-01,,,,,,60
1993-09-01,,,,,,60
1993-10-01,,,,,,60
1993-11-01,,,,,,60
1993-12-01,,,,,,60
1994-01-01,,,,,,60
1994-02-01,,,,,,60
1994-03-01,,,,,,60
1994-04-01,,,,,,60
1994-05-01,,,,,,60
1994-06-01,,,,,,60
1994-07-01,,,,,,60
1994-08-01,,,,,,60
1994-09-01,,,,,,60
1994-10-01,,,,,,60
1994-11-01,,,,,,60
1994-12-01,,,,,,60
1995-01-01,,,,,,60
1995-02-01,,,,,,60
1995-03-01,,,,,,60
1995-04-01,,,,,,60
1995-05-01,,,,,,60
1995-06-01,,,,,,60
1995-07-01,,,,,,60
1995-08-01,,,,,,60
1995-09-01,,,,,,60
1995-10-01,,,,,,60
1995-11-01,,,,,,60
1995-12-01,,,,,,60
1996-01-01,,,,,,60
1996-02-01,,,,,,60
1996-03-01,,,,,,60
1996-04-01,,,,,,60
1996-05-01,,,,,,60
1996-06-01,,,,,,60
1996-07-01,,,,,,60
1996-08-01,,,,,,60
1996-09-01,,,,,,60
1996-10-01,,,,,,60
1996-11-01,,,,,,60
1996-12-01,5.140652706545498,4.878645044356314,3.66003541184725,1.833914868926491,3.1543692109028965,60
1997-01-01,5.591894312157697,5.260617491742794,3.6855632078854885,1.6901156057225664,3.090251996781361,60
1997-02-01,6.429480656736306,5.658810879802246,3.875261684336391,1.9322949886406804,3.400282917037118,60
1997-03-01,6.518499323756257,5.685887012464522,3.8755777285528388,1.9461202118834018,3.4066810474542937,60
1997-04-01,6.552248672081884,5.709409994139327,3.835672334661294,1.9007634439598304,3.361915877000173,60
1997-05-01,6.5427591476959694,5.738970841002403,3.858871746918842,1.9662103409384017,3.4069456807046388,60
1997-06-01,6.562643830463332,5.893734132111967,3.8496566064724984,2.015317983556167,3.4234119060686146,60
1997-07-01,6.4964171301466624,5.892276327771904,3.744102848674625,2.0084660299742683,3.3504923112380633,60
1997-08-01,6.286597462812053,5.740770564477369,3.659666980508914,1.9203002190539311,3.1709573708303984,60
1997-09-01,6.250504755598521,5.70516274878075,3.6721767720227994,1.8386122087815322,3.1760089002688203,60
1997-10-01,6.343889868979454,5.775575213903108,3.671369372652014,1.8093466254777562,3.1495297115353544,60
1997-11-01,6.3309928775817905,5.809740406966825,3.5767101415331726,1.847100840539156,3.1490392543515804,60
1997-12-01,6.344332104632364,5.818902047076911,3.445803429097256,1.8622264722802973,3.1488237256500136,60
1998-01-01,6.390200227355466,6.0922473118853775,3.438363262969969,1.7181776802548052,3.0089072184598735,60
1998-02-01,6.403624318507581,6.089588567682918,3.4351716920322657,1.7867534026209138,3.0291917057921953,60
1998-03-01,6.464951679248352,6.212490707319304,3.4388941804214395,1.777320569781411,3.0377395274252716,60
1998-04-01,6.378766504759554,6.081901323076811,3.39187640539439,1.729898094944589,2.9341728424844997,60
1998-05-01,6.9031016381971115,6.338119507109,3.446419860777556,1.8321826867918192,3.043274565472097,60
1998-06-01,6.8489644214589935,6.309632680415403,3.4731108101124084,1.8733224446354437,3.0968518947226187,60
1998-07-01,6.705501642324748,6.298652550732807,3.4199588492667643,1.8709930949301028,3.04199248757578,60
1998-08-01,6.703716293277287,6.295015773267939,3.4363299418419873,1.7541175096152593,3.04624271308807,60
1998-09-01,6.645956377588142,6.273020264933434,3.541415079827946,1.7517218080747963,3.1205190035116908,60
1998-10-01,6.873626894538148,6.4864702058605115,3.7038722462176183,1.759659843065687,3.2269154441597605,60
1998-11-01,7.454620753064449,6.9591776892336865,3.8759762390957886,1.8984336738940712,3.4246905499812237,60
1998-12-01,7.470164794342011,7.047101435891961,3.8452191711994623,1.848324431689152,3.4081237945598386,60
1999-01-01,7.435708287275154,6.997071426985233,3.7191392188339845,1.6889543192639893,3.1828926909753115,60
1999-02-01,7.648262270810491,7.473601740260166,3.7643333308190967,1.8023032702233512,3.338729028922056,60
1999-03-01,7.125867350102426,6.486919106209721,3.713803672010792,1.7421086102826753,3.233877024906009,60
1999-04-01,6.630033188015368,5.484389272318071,3.7132072699681427,1.751952484054602,3.2378990314241736,60
1999-05-01,6.662974616412464,5.583363205381408,3.827412571518185,1.7603038295385347,3.333874942730405,60
1999-06-01,6.653889201011249,5.572502684965582,3.8663152491136,1.7833350571139581,3.3473622276329187,60
1999-07-01,6.65008952997867,5.634557916824328,3.9132953361085367,1.7443345754089916,3.3672964529106175,60
1999-08-01,6.647977995929739,5.544282979321775,3.785176596497386,1.6590679603623446,3.2608775821669203,60
1999-09-01,6.616518744639745,5.493470146756223,3.586729755048088,1.6915124586188437,3.198450546101646,60
1999-10-01,6.540712770870001,5.494115614965304,3.645442813361188,1.6365112902562393,3.1760183375355453,60
1999-11-01,6.602565750923292,5.484111441058417,3.4623810184423105,1.6107308714874513,3.0767328411400086,60
1999-12-01,6.664382437888466,4.9482876343730355,2.6288083303963297,1.5424840070639643,2.6143641936721767,60
2000-01-01,6.204213476771331,4.922513556553834,2.6164143850354242,1.5888273801255086,2.6389429301945313,60
2000-02-01,6.053641933018961,2.984012712518307,1.2328187557153236,1.2968823580103317,1.4878663302426407,60
2000-03-01,6.040052101003025,2.9507874462476553,1.3020121529554736,1.3165284177269654,1.5228507046398352,60
2000-04-01,5.807907476640009,2.9427941879634876,1.336824795821612,1.2700037875388923,1.5352595321357672,60
2000-05-01,5.617274480599002,2.8980422160237276,1.3316932278491955,1.3192633490754286,1.5594627340342437,60
2000-06-01,5.5672177507492995,2.9370481907337167,1.3691351025327028,1.297001103987048,1.5710554786738933,60
2000-07-01,5.560801043551281,2.995444266723261,1.4399476493157817,1.371262451534136,1.6422454675986313,60
2000-08-01,5.580460717663577,3.0175888222380363,1.362123567878365,1.42325629013168,1.6404731197050257,60
2000-09-01,5.580375455954641,3.0319617152093716,1.4355442363612996,1.5260203112940423,1.7283940475767314,60
2000-10-01,5.527277409711503,3.0085481739144786,1.4641455131200272,1.4883644813852692,1.730834160465165,60
2000-11-01,5.469944470681272,3.021854515943183,1.5220818758220398,1.5009244350827946,1.7636407910641025,60
2000-12-01,5.458997255912772,3.0038550853182637,1.5470599501430677,1.502091781442646,1.7826830376077512,60
2001-01-01,5.410236786770961,3.0012095464393753,1.5600561901011647,0.7960203095269938,1.4574391542136296,60
2001-02-01,4.955930447663063,2.8640861756580507,1.6185926362624394,0.9154016007796852,1.5131718672598435,60
2001-03-01,5.027860614311684,2.9128900953786085,1.68277604553611,0.9895537325077465,1.591201767246714,60
2001-04-01,5.217488313276063,2.9738268766060036,1.7292928515886412,1.0507645244753434,1.6606550016794501,60
2001-05-01,5.319093387870576,3.042965714711198,1.747169882046866,1.1522589626218556,1.7317989702134209,60
2001-06-01,5.224953155048831,3.0040222789093542,1.7008123993724482,1.1468076371113975,1.7005297951161078,60
2001-07-01,5.242067920569317,3.0259151916377744,1.6931593180140714,1.1802352717507956,1.71728040779824,60
2001-08-01,5.232532145734637,3.018981683131721,1.645296007322546,1.232814671490218,1.7309661456895031,60
2001-09-01,5.289039892706268,3.071202307714875,1.605139523920961,1.2977551386706445,1.7647067585926064,60
2001-10-01,5.2466530617152864,3.0059825862315077,1.5897774933112914,1.1003839003873062,1.6401419807195718,60
2001-11-01,5.0762807110948165,2.8759035133931463,1.617779899625894,0.9548583402760039,1.5702718825975848,60
2001-12-01,5.043632740354565,2.805166469972232,1.6329639849120372,0.9167446584944178,1.5516481780696392,60
2002-01-01,5.031101488053694,2.811671005534137,1.6553186023073791,1.0091700550189693,1.61751631931489,60
2002-02-01,5.031332834702412,2.832943605527685,1.6109671489016708,1.0515845252135627,1.621151408014693,60
2002-03-01,4.825629125575766,2.824031615686294,1.612211271767062,1.0429379237388536,1.6166009210662124,60
2002-04-01,4.82872894918809,2.86514264690873,1.6175054161143778,1.121949666237587,1.6720416589514957,60
2002-05-01,4.882349000853807,2.88949884394658,1.6120417947403047,1.1245905316999865,1.670663847600913,60
2002-06-01,4.881363040273157,2.9012684263882,1.5658224267508625,1.1750913242032202,1.6894537050555454,60
2002-07-01,4.758052508586158,2.9196229461834156,1.484882750389603,1.2324375412549204,1.696939428766561,60
2002-08-01,4.863687363151342,2.9827066148708288,1.5087526701937706,1.2559028415752607,1.7294877406605274,60
2002-09-01,4.926994981329954,3.0297047463591014,1.3972630967245574,1.2841353082506304,1.6804954115583193,60
2002-10-01,4.892386109499717,3.014898746289677,1.4241295646779824,1.2200890161530265,1.657863385837905,60
2002-11-01,3.8938112689165463,2.549255063425833,1.4211932604595687,1.012367172263333,1.50119440910134,60
2002-12-01,3.799907771555244,2.56806815632505,1.5071601763823286,1.0224602169345105,1.541211286771911,60
2003-01-01,3.7782109156293266,2.526853389044092,1.4958245287589034,1.0449246434878452,1.5493988604466027,60
2003-02-01,3.6754490209240935,2.4557181683882288,1.4108031878645233,1.0130154195667778,1.478782845062381,60
2003-03-01,3.58354319620883,2.4030008139107437,1.3363333801244992,0.9890183258850147,1.4227454337106618,60
2003-04-01,3.3711397737376796,2.312893344230698,1.3684041271047684,1.0130943481317076,1.4589730193527388,60
2003-05-01,3.1848217562415466,2.0312871759389326,1.416975244020986,0.9711144497260509,1.4690485561043352,60
2003-06-01,3.1043902834045487,1.988440113430028,1.466725204046586,0.963082210701648,1.496235862108256,60
2003-07-01,2.995950303454674,1.9241813522322937,1.5027971856009275,0.9859331111460269,1.5338928794047895,60
2003-08-01,2.9518416674953794,1.8898225751150317,1.4975725501459642,0.9805885997555032,1.5265067655060225,60
2003-09-01,2.9445863207386287,1.8871250500242502,1.4645071358567223,1.0052357256824114,1.5230893231189957,60
2003-10-01,2.9083356346646814,1.8681012174403373,1.4438022948998324,1.051331258157393,1.5434084571626605,60
2003-11-01,2.7652180006408247,1.812433717882834,1.4044371095939416,1.0154136170514085,1.4975614656196354,60
2003-12-01,2.7330624777890975,1.8060692549599147,1.4326812459772136,1.040053672431323,1.5294665333241229,60
2004-01-01,2.705676361894754,1.815553490735248,1.464230201385572,1.117056661702246,1.6023707965988683,60
2004-02-01,2.6818470946120514,1.7860937730932016,1.5175039340298322,1.1495481674475008,1.6547413307657288,60
2004-03-01,2.7242719974538026,1.8428443191718944,1.541936589632306,1.1949025498308712,1.7024877618371153,60
2004-04-01,2.7560342685805668,1.9083450002440001,1.5058249800689403,1.178062390310805,1.6690345544680616,60
2004-05-01,2.764223729283087,1.905267472970572,1.4659523344024108,1.1802400575775969,1.6448363300496283,60
2004-06-01,2.7299762290560303,1.890818149893599,1.4412089235804353,1.17759240848435,1.62978692650372,60
2004-07-01,2.697389991776741,1.8701426694298726,1.4421363662771212,1.192939720999087,1.6391164849821172,60
2004-08-01,2.678789834318213,1.8611800401460836,1.473759799356291,1.2184144843762081,1.6756625969753927,60
2004-09-01,2.721191724249872,1.913076377514954,1.5200036183320909,1.265505061693714,1.7367131065064234,60
2004-10-01,2.652265364275301,1.8583045250549919,1.5024568820524975,1.2829720821238495,1.7385060043772678,60
2004-11-01,2.6098006585679916,1.8993206380481693,1.5873985089545937,1.2977115321072497,1.7973041429584646,60
2004-12-01,2.571243336575441,1.9532591378504185,1.701428000331865,1.3152419362025776,1.8746417941005185,60
2005-01-01,2.562289764590938,1.9519820660787361,1.7221950231658265,1.3253069186471451,1.8927265747939677,60
2005-02-01,2.5672396876170964,2.3997584751664576,2.693655734660129,1.4545827071508923,2.4756813566245572,60
2005-03-01,2.5085552765041172,2.3287381059114436,2.6344266761334767,1.3899629786528571,2.3957375967160264,60
2005-04-01,2.5915923698139904,2.258590015520799,2.6359501022048524,1.3815919802932428,2.3662552769269705,60
2005-05-01,2.6540629012192873,2.3121868867795454,2.618414738239647,1.3488683790556493,2.325851680483648,60
2005-06-01,2.6110598734057606,2.269631900709173,2.6582809307391893,1.3608019696233737,2.354471523397586,60
2005-07-01,2.5355226400472763,2.152170613351072,2.5722452811475125,1.3173099014853953,2.275565222063987,60
2005-08-01,2.501910880889889,2.1306604119480395,2.7842436551749956,1.286790989661845,2.3072078679105608,60
2005-09-01,2.427720203137094,2.065835845755404,2.695800806055948,1.229105165361048,2.2272436033125875,60
2005-10-01,2.3954409170890014,2.055034669873936,2.6251900686411718,1.2080607318359657,2.170102533767503,60
2005-11-01,2.3967572808312725,2.012146936140885,2.5308007277436646,1.1892992900192496,2.1223908156186067,60
2005-12-01,2.3506424846163276,1.9881567904907251,2.447655337602074,1.104742877647331,2.0409022967881185,60
2006-01-01,2.3247954759035045,1.9783379642034349,2.3937242685774036,1.693327134985931,2.5183184424810805,60
2006-02-01,2.3227239674204974,1.9742436294152519,2.5108171178710417,1.6411606438449924,2.7183178508068715,60
2006-03-01,2.341980111103037,1.933190083604479,2.446652369199993,1.5953200435225416,2.676532641389741,60
2006-04-01,2.2782389153544345,1.9068175491945654,2.423813191906529,1.5829539467085836,2.6477516334762186,60
2006-05-01,2.18723357463463,1.842137914375196,2.4221414403034003,1.4687152376311772,2.569858040722617,60
2006-06-01,2.1960437669952086,1.8550325029461376,2.4354962887595812,1.4710887863353481,2.579337620382832,60
2006-07-01,2.1609693847535407,1.81908760718959,2.4378814043945014,1.4074073133013842,2.5421491301844816,60
2006-08-01,2.1598194156949737,1.7910150346824856,2.470913073944024,1.362989639633548,2.5075573102347235,60
2006-09-01,2.1130362352388175,1.751397597174575,2.546477343596752,1.302276253462259,2.448513269641113,60
2006-10-01,2.0863167316670785,1.7595112210409052,2.4720975125202758,1.569526820525075,2.644234875622314,60
2006-11-01,2.111912049917273,1.831740820755653,2.4146031274719997,1.7935548630442482,2.7569086859343703,60
2006-12-01,2.1269901354969587,1.8759502815601146,2.4143467969006815,1.8172077715261565,2.7745509779722504,60
2007-01-01,2.0311271568377425,1.7964863453277244,2.2670723696993007,1.7521013821485136,2.6786812895229835,60
2007-02-01,1.954456149840799,1.7218954513942137,2.263558450345341,1.6945199359100789,2.658681237190897,60
2007-03-01,2.014302783304406,1.714172375027286,2.190971472407225,1.7203495455881594,2.6371435261246567,60
2007-04-01,1.9474119047682708,1.6444695975628054,2.1508620918559807,1.710331512832243,2.6419644918428022,60
2007-05-01,1.8913238280976183,1.5921894534757297,2.0206395376627095,1.722733276193145,2.610703943345969,60
2007-06-01,1.81820553224682,1.518183814352903,2.0782746525033877,1.6168984733379546,2.5248192371936264,60
2007-07-01,1.6977412558508451,1.3879596579272537,2.358081076890424,1.4842715150492864,2.5161968934791537,60
2007-08-01,1.6531760431488385,1.328838554254148,2.267539892744784,1.527281952846687,2.498512909622167,60
2007-09-01,1.6018574928198648,1.25558432581395,2.4099977369224628,1.5502358370898581,2.587556914596302,60
2007-10-01,1.598151894695932,1.2466054351045057,2.349738770409253,1.8347703562690194,2.7629195701182856,60
2007-11-01,2.1632042357512073,1.582285645356199,2.434964629287917,2.816397118789675,3.6095469058605203,60
2007-12-01,2.495963900638277,1.6896211955196234,2.4708629598666447,2.949392745668004,4.1417170328774695,60
2008-01-01,2.4683650159039634,1.7147612311611038,2.469881407776483,2.6955729661910395,3.9371527813725207,60
2008-02-01,2.5180471329466694,1.8202663772293979,2.6700582641117268,2.8199278386122266,4.225017763959384,60
2008-03-01,2.538155160697799,1.8768895816831592,2.8136759912167486,2.841212605907146,4.386075936971726,60
2008-04-01,2.991092165766429,2.112533269247941,2.8096380295579877,2.905600616777672,4.380886892448957,60
2008-05-01,3.12531190111959,2.9554905654221755,2.8795018954448053,3.0994504521446635,4.364622731443762,60
2008-06-01,2.8063714796989414,2.8393566970756687,2.2771923798932368,2.7130446427376254,3.2189348898438315,60
2008-07-01,3.0101434083502596,3.034786574010286,2.235701522075499,2.692581047425731,3.1965538438525765,60
2008-08-01,2.9785922157716462,2.9965101923411988,1.9939197304388423,2.842798149124397,3.0711156425740835,60
2008-09-01,2.901377207601032,2.956054608732681,1.6423931969820518,2.8049354375024587,2.8221419028488275,60
2008-10-01,2.837374497137482,2.8559800321173863,1.6879741313626442,1.9680452116164755,2.420493520113461,60
2008-11-01,3.0577834723418946,2.9245058856635895,1.7837224813734587,1.8525563993192475,2.487802554977302,60
2008-12-01,3.0185074579171776,2.87357575340336,1.784528211188891,1.853683690261816,2.4876571001983243,60
2009-01-01,3.0030571918160036,2.8284519956355445,1.8061798598800087,1.4176093816172972,2.254001782067121,60
2009-02-01,2.650277791387199,2.790944771819223,1.667924168518309,1.095421924392228,1.8468837823796231,60
2009-03-01,2.6640295171629687,2.8074730302585262,1.5915141666587214,1.0292732937110607,1.732791070827167,60
2009-04-01,1.4442077940035138,1.7299614585883072,1.232231826429614,0.7948956796372504,1.256992097396035,60
2009-05-01,1.409021287771527,1.683172798667325,1.2798926167022249,0.828629574332215,1.3061950651835537,60
2009-06-01,1.4488947640248473,1.689320953653644,1.2740935790960335,0.7852367745899509,1.2761185519805383,60
2009-07-01,1.4314548557884719,1.5596183378217885,1.2818015811869996,0.7800383263833183,1.2803920754608702,60
2009-08-01,1.3084035167999664,1.4283530070863752,1.1199146307429761,0.5127346865519654,0.9542448748909602,60
2009-09-01,1.231764985847528,1.340148232455798,1.154291620961956,0.4842952673263442,0.9531656098508869,60
2009-10-01,1.2216098000771627,1.3384381557537064,1.1514113607455574,0.5075903050553895,0.9694422806262122,60
2009-11-01,1.1788025050102604,1.2618266838852665,1.0740050147062854,0.5275483830632842,0.9467435763699413,60
2009-12-01,1.1499610507847784,1.3127920432284153,1.1335039572482022,0.5542613130311476,0.9945988529745468,60
2010-01-01,1.1232650061469016,1.2229224534793581,1.1141391739417368,0.4474590968445873,0.9091035396771399,60
2010-02-01,1.0937042554016776,1.2103898730097822,1.0961469477668688,0.4228252451885,0.8837275975939389,60
2010-03-01,1.1055308146088603,1.1958642564946627,1.1176687595748405,0.41805057746671703,0.8925075041221512,60
2010-04-01,0.9830938108319346,1.1881248164868718,0.992801126506602,0.3271519364562567,0.7432257584929917,60
2010-05-01,0.8993295216767749,1.1001760577946011,1.0224715719143014,0.28479229962098906,0.7241711063267369,60
2010-06-01,0.8596039732062725,1.0495936744515058,0.9410225815268284,0.2620872249960879,0.6680408250729305,60
2010-07-01,0.8856050500927393,1.1628232160582457,0.9320069765932822,0.2602605094597194,0.6624445611954716,60
2010-08-01,0.8416423965310247,1.1302116009806793,0.9276244648897332,0.2473220124988859,0.6512631024862465,60
2010-09-01,0.9202299910977789,1.1709199532321435,0.8909156668937633,0.32852114232290963,0.697913609649959,60
2010-10-01,0.9520326167805602,1.1784332615798256,0.8580299924719548,0.36632554038540077,0.7121562876462552,60
2010-11-01,0.9264308500639188,1.1707805791238242,0.8485628289403054,0.31258078050385096,0.6659261955618978,60
2010-12-01,0.9338969190515515,1.14533644174519,0.7706140171996076,0.32503615358189186,0.6408857404017829,60
2011-01-01,0.9214871602255571,1.0946619040846746,0.7781606600363163,0.26163467105133437,0.5967012922395669,60
2011-02-01,0.8960992914141763,1.0233044443924184,0.7143069189064948,0.18587306382239352,0.5039536046163776,60
2011-03-01,0.8780128429785382,1.0495981804399643,0.712397410513949,0.18826117217284116,0.5047888878160877,60
2011-04-01,0.8965080121418637,1.0714030893388837,0.6593972585944535,0.2148730033250743,0.497978831630025,60
2011-05-01,0.9248036155437619,1.0927996230355999,0.5985235015579039,0.27037522850915263,0.5061102756425022,60
2011-06-01,0.9029711172200404,1.0696930184407745,0.591836703198474,0.27523076588658696,0.5065025473960065,60
2011-07-01,0.8612502636246127,1.0077247949836916,0.5761729123534393,0.23303708784792387,0.4669198869941819,60
2011-08-01,0.8602484654605733,0.9793399651628023,0.6760125505946604,0.22241357504950773,0.5137216985198272,60
2011-09-01,0.8518908666740717,0.9440164044125667,0.7680398938863489,0.20848375978406639,0.5508184602604077,60
2011-10-01,0.9252345461337254,1.0173196840755712,0.8726206774062174,0.24707621787091044,0.6291384999409809,60
2011-11-01,0.9647061585458526,1.0748574894428016,0.8948871873778422,0.31597309806666074,0.6863907490782456,60
2011-12-01,0.9406616973938436,1.0617803820340328,0.8406900146840264,0.2987504996144704,0.649337195225667,60
2012-01-01,0.9829949496686513,1.1114992213704344,0.8816731971823285,0.305715856586417,0.6736958804410548,60
2012-02-01,1.0181001991154564,1.1148698787533802,0.8290299976449926,0.2777791023295201,0.626468310628029,60
2012-03-01,1.0338834642562704,1.114382239393205,0.8109314655750252,0.25733452812079877,0.602863343113305,60
2012-04-01,1.039030584177646,1.1149935719989252,0.8259593314692368,0.22987560654566366,0.590710782727293,60
2012-05-01,1.0287897401535326,1.0917873743353768,0.9038386136682343,0.15760392048578414,0.5756975901469248,60
2012-06-01,1.0476662032090578,1.1354535427652188,0.8349077561741783,0.23159098762734776,0.5983191002581794,60
2012-07-01,1.1299198326198978,1.2061579521864902,0.8401432223430254,0.30023411192070587,0.6491346250844923,60
2012-08-01,1.1034338000282626,1.1828323236669636,0.8740335701301819,0.2662339750693949,0.6402467480228258,60
2012-09-01,1.096359059420853,1.1766491496846576,0.8778053075085087,0.21759964204526736,0.6062370749265369,60
2012-10-01,1.1111029350774217,1.2047023700597812,0.9411526080542076,0.2106762616631091,0.6337247269615,60
2012-11-01,1.118952613817193,1.2640300554304722,0.9157804790491045,0.2352651142883571,0.6377204034188162,60
2012-12-01,1.0975219442816178,1.2205725941979577,0.8528938488868693,0.19112546774306183,0.5754534023145069,60
2013-01-01,1.1288630550365226,1.2039811238920692,0.8870368543975793,0.2812540408654813,0.6589095315307117,60
2013-02-01,1.0832220132321846,1.15861604917512,0.8698489018615726,0.25466686530470417,0.6328272559866687,60
2013-03-01,1.0974290411034235,1.1406906017560459,0.8348533596649352,0.2335717185364365,0.6007705658092785,60
2013-04-01,1.0537659967326194,1.0921325895430267,0.754517482807829,0.18811325884925695,0.5281357037990859,60
2013-05-01,1.0860842690828378,1.064965048178707,0.7201747553411939,0.10014651189200352,0.4452702517691745,60
2013-06-01,1.175692717337401,1.109783613694453,0.8783880683639708,0.20051679594050056,0.602095823925327,60
2013-07-01,1.1409438989444678,1.0348621185904592,0.8569703715149997,0.05393661776052577,0.4908738156704076,60
2013-08-01,1.16464800419661,1.0221002764637246,0.9353471433102124,0.010326959370800554,0.4933062827921272,60
2013-09-01,1.1872315593159048,1.0203117443883578,1.0535398303163706,0.003291029860277056,0.532602292814297,60
2013-10-01,1.2502268231644442,0.9741450070993756,1.0578745521626212,0.20292264754650804,0.686784940163932,60
2013-11-01,1.219132489720356,0.9539289765763146,0.8879693569324092,0.2928488272195909,0.6372020108144703,60
2013-12-01,1.141246748232054,0.8653097806277739,0.7653273098268631,0.22219156312034924,0.5304165963074505,60
2014-01-01,1.0530702533877827,0.8276578635270937,0.6929934257488553,0.311574387824854,0.5439226989052788,60
2014-02-01,1.164435033540536,0.8172466991168673,0.7165260542030509,0.46535923276005575,0.6663658521325448,60
2014-03-01,1.1783494311364497,0.8149677467925306,0.7491632613940229,0.5578509514293515,0.7449742438320611,60
2014-04-01,2.38163003626443,1.22984962395838,1.098825927043408,0.8480084724292823,1.1597377417756443,60
2014-05-01,2.396589570329391,1.25486301951415,1.0471196718996856,0.8591458030468132,1.1429906325170804,60
2014-06-01,2.313124293610708,1.2024086417159328,0.9570886786024575,0.8713080983447091,1.10678329225292,60
2014-07-01,2.3254175514762476,1.3250043312445552,0.9344688469914506,0.8941469177607767,1.1019614917052967,60
2014-08-01,2.585597042581207,1.4465748388322437,1.0356082279899148,1.3665119008592779,1.5504357601232948,60
2014-09-01,2.4995990525939935,1.5077442527988036,1.0193986945365487,1.334533290682968,1.5272817848974065,60
2014-10-01,2.5313342529122274,1.550821120287589,0.9648646455756453,1.3700383683505144,1.5459527332638279,60
2014-11-01,2.5962921131903096,1.5514841883197255,0.9803787125551824,1.3759617383242162,1.55710358470917,60
2014-12-01,2.3619581175551883,1.4126436176294777,0.892381783877982,1.375202090954155,1.5151228498756546,60
2015-01-01,2.360684535367401,1.4843433831148998,0.8949871956832699,1.566238187922792,1.6273620321935578,60
2015-02-01,2.4557321386221744,1.4817174412949845,0.9318956772479876,1.4932648627752203,1.6071334214008763,60
2015-03-01,2.4608858606125072,1.545878411923513,0.8982097402239578,1.5837767476855065,1.6466359136817055,60
2015-04-01,2.6821371318309515,1.5417196748247974,0.9311935455170478,1.6740980126435767,1.741683335621319,60
2015-05-01,2.783875463179836,1.6756707429818227,0.9906232047831601,1.8645481149238636,1.8826848015390234,60
2015-06-01,2.7643122350387976,1.7011295535449413,1.0084218059180559,1.8986183816892352,1.9218755556447036,60
2015-07-01,2.7384831377835757,1.673418954483264,0.9521392717161742,1.9274799982392583,2.00091780244067,60
2015-08-01,2.7373842521104033,1.6829310882419597,0.967326117627829,1.8514887542466316,1.974992118214955,60
2015-09-01,2.725202147489517,1.7154944854509278,1.07207740003666,1.8395524225943805,1.9801821959936674,60
2015-10-01,2.7266571051161206,1.7391265034141623,1.0168766879938822,1.8463269556208741,1.9578574192310154,60
2015-11-01,2.7621947915681764,1.770718633701778,1.0111821530063168,1.9280219825577949,2.0314434882261034,60
2015-12-01,2.8024761754973255,1.8602790893122363,1.2242552470418055,1.9524261200652286,2.1574357741568475,60
2016-01-01,2.8825705510921944,1.912769577581686,1.2583808218626327,2.0828821855361,2.253502377422938,60
2016-02-01,2.820909606179881,1.9567092624457956,1.37466152655792,2.1770919752027362,2.4351441972157564,60
2016-03-01,2.734849670339644,1.938626097446306,1.3908993130537215,1.958151620451343,2.2969402182310876,60
2016-04-01,2.2687646105023913,1.5541057169665717,1.0018146779014474,1.3661029357546384,1.4652974716144311,60
2016-05-01,2.3233930079404375,1.6144988988299525,1.089375798149683,1.43703545958953,1.5385421238933856,60
2016-06-01,2.370472293039602,1.6356212918526976,1.1598940182602322,1.3812610799287237,1.5488310540199461,60
2016-07-01,2.357381633393103,1.6490575940068262,1.0467096449009559,1.333986677687978,1.4442527205878257,60
2016-08-01,2.2375467189117764,1.616739701007108,0.9527956601797891,1.2694523282007133,1.3508578101999,60
2016-09-01,2.251256194998776,1.6084719783022163,0.8244912046551394,1.240920520769846,1.2627428532589033,60
2016-10-01,2.209952979849804,1.8629275956145526,0.7989819862916737,1.2064615892068193,1.2381321791449431,60
2016-11-01,2.1272334910834942,1.8143902263243818,0.7099893683882117,1.1060569135566092,1.1244176259858574,60
2016-12-01,2.0524651410231685,1.7745896907746925,0.7454895062515093,1.0952424518083983,1.132178751371271,60
