date,split,gan_lstm_matched,gan_transformer,gan_lstm_code07_reference
1967-01-01,train,0.012628667,0.02454692,0.03486496
1967-02-01,train,0.002215553,0.0047257324,0.0127024315
1967-03-01,train,0.0056079007,0.0070602023,0.019322487
1967-04-01,train,0.0070048855,0.010979881,0.011264661
1967-05-01,train,0.0025512,0.00032563825,0.0022150625
1967-06-01,train,0.007151549,0.016671022,0.014964698
1967-07-01,train,0.020014146,0.04112013,0.03854953
1967-08-01,train,0.007610666,0.00963638,0.009612509
1967-09-01,train,0.003989091,0.024032315,0.02116016
1967-10-01,train,-0.0013526473,-0.005536562,0.0027083082
1967-11-01,train,0.000921842,-0.0019438068,0.0020794375
1967-12-01,train,0.0056637716,0.03112798,0.028540714
1968-01-01,train,0.021233028,0.026045742,0.029623905
1968-02-01,train,0.005841034,0.00519779,-0.0009540568
1968-03-01,train,0.0023691056,0.0021543417,0.0033216528
1968-04-01,train,0.014379022,0.017907616,0.04330495
1968-05-01,train,0.01041395,0.025346613,0.034593645
1968-06-01,train,0.018835083,0.020031542,0.022938784
1968-07-01,train,0.017642647,0.019152803,0.020826258
1968-08-01,train,0.009903944,0.010841462,0.016374733
1968-09-01,train,0.005136062,0.0028738752,0.022856988
1968-10-01,train,0.016979255,0.0182652,0.015992727
1968-11-01,train,-0.008971519,0.01662276,0.012903357
1968-12-01,train,0.0025365653,0.005035752,0.012486784
1969-01-01,train,0.0013517878,0.0011016995,0.00426651
1969-02-01,train,0.021479538,0.030402793,0.01747913
1969-03-01,train,0.004783194,0.007322869,0.010861236
1969-04-01,train,-0.00026132597,0.0042738537,0.00012297026
1969-05-01,train,0.0074920976,0.010101581,0.011906052
1969-06-01,train,0.017070679,0.02744534,0.036630835
1969-07-01,train,0.018529555,0.052857984,0.0405347
1969-08-01,train,-0.0022794586,0.0019769166,0.011055293
1969-09-01,train,0.0102924025,0.013170212,0.011162439
1969-10-01,train,-0.015417933,-0.024109507,0.00033892837
1969-11-01,train,0.017862447,0.0173542,0.022683198
1969-12-01,train,0.029823028,0.03122496,0.023766283
1970-01-01,train,0.028218677,0.00898995,0.034029152
1970-02-01,train,0.0025104298,0.0053970814,0.006756752
1970-03-01,train,0.016604433,0.016589528,0.017698914
1970-04-01,train,0.021776365,0.010873932,0.030956145
1970-05-01,train,0.0110211,0.012318156,0.022919195
1970-06-01,train,0.0320677,0.027870119,0.030099519
1970-07-01,train,0.030268291,0.022594221,0.042434618
1970-08-01,train,0.008123496,0.0068549663,0.023134287
1970-09-01,train,-0.014316062,-0.019306758,0.025286183
1970-10-01,train,0.025793528,0.028257811,0.025820462
1970-11-01,train,0.014363901,0.022149524,0.013748329
1970-12-01,train,0.049430814,0.04558142,0.030616768
1971-01-01,train,0.026847633,0.040415462,0.023260012
1971-02-01,train,-0.00662865,0.006380081,0.012680096
1971-03-01,train,0.008052181,0.020915315,0.024425166
1971-04-01,train,0.013058089,0.014262651,0.019434558
1971-05-01,train,-0.0009886114,-0.0044142944,0.0024629678
1971-06-01,train,0.013060845,0.016165793,0.015479972
1971-07-01,train,0.0131310215,0.030547133,0.020363815
1971-08-01,train,0.010623235,0.0135907205,0.019344501
1971-09-01,train,0.0030907243,0.011028558,0.013941733
1971-10-01,train,0.0040891203,-0.005996503,0.008116318
1971-11-01,train,-0.0018587181,0.0042274673,0.002368489
1971-12-01,train,-0.0011838324,0.029744921,0.026504353
1972-01-01,train,-0.007823427,0.019191941,0.021499084
1972-02-01,train,-0.001912766,0.002769586,0.01752139
1972-03-01,train,0.009995465,0.008213085,0.01543376
1972-04-01,train,0.0076418687,0.0036901135,0.010815807
1972-05-01,train,0.004399684,0.0050063375,0.008681079
1972-06-01,train,0.0014411047,0.006650604,0.009937816
1972-07-01,train,0.009640331,0.018000768,0.019526476
1972-08-01,train,0.012515243,0.008607569,0.009074163
1972-09-01,train,0.002186442,-0.00035921842,0.013535597
1972-10-01,train,0.011002877,0.017119946,0.015814513
1972-11-01,train,0.016181963,0.023590267,0.013407952
1972-12-01,train,0.013421543,0.01443017,0.025730161
1973-01-01,train,0.012162618,0.016319469,0.026157023
1973-02-01,train,0.018705055,0.028462952,0.015313536
1973-03-01,train,0.013235818,0.012133859,0.014277145
1973-04-01,train,0.029963767,0.035630148,0.023866706
1973-05-01,train,0.0120147765,0.027278343,0.030533245
1973-06-01,train,0.0075465054,0.01921199,0.024549477
1973-07-01,train,-0.0038439252,0.008949583,0.01978985
1973-08-01,train,0.01954579,0.029348353,0.023559036
1973-09-01,train,0.020717777,-0.01024345,0.016821409
1973-10-01,train,0.013684839,0.010713413,0.022442318
1973-11-01,train,0.039798986,0.041414995,0.029090673
1973-12-01,train,0.018283317,0.04364581,0.029168338
1974-01-01,train,0.020250397,0.02732466,0.019778946
1974-02-01,train,0.014953554,0.0132438885,0.011504523
1974-03-01,train,0.006631428,0.004578168,0.012069568
1974-04-01,train,0.0149690285,0.028550727,0.023801915
1974-05-01,train,0.009633719,0.02486688,0.02383142
1974-06-01,train,0.015732307,0.018527895,0.020825539
1974-07-01,train,0.032855023,0.014457117,0.024168275
1974-08-01,train,0.0319156,0.035716087,0.023474796
1974-09-01,train,0.03198288,0.036868438,0.024029184
1974-10-01,train,0.03008523,0.03245777,0.023212522
1974-11-01,train,0.0072621703,-0.0005636988,0.01944916
1974-12-01,train,0.004505035,0.006899525,0.018590381
1975-01-01,train,0.028650632,0.028948335,0.018670863
1975-02-01,train,0.0042033065,0.009669643,0.017526528
1975-03-01,train,0.013542314,0.011397184,0.019797489
1975-04-01,train,0.0124228,0.019566193,0.021411665
1975-05-01,train,0.015718624,0.012106904,0.022020333
1975-06-01,train,0.024110077,0.037119184,0.020316623
1975-07-01,train,0.01354618,0.010120257,0.014813832
1975-08-01,train,0.003426545,0.006740592,0.0184714
1975-09-01,train,0.0073808148,0.02045996,0.016516378
1975-10-01,train,0.0073846765,0.016590869,0.012201904
1975-11-01,train,0.009678817,0.018528072,0.01259706
1975-12-01,train,0.0021386615,-0.00094435987,0.010306841
1976-01-01,train,0.039588403,0.040808726,0.020930104
1976-02-01,train,0.0032784594,0.027021432,0.02046901
1976-03-01,train,0.0061442032,0.010250904,0.014782812
1976-04-01,train,0.003911261,0.00019516594,0.009046454
1976-05-01,train,0.00037774243,-0.0062474753,0.0032481707
1976-06-01,train,0.010170007,0.00049336447,0.011812055
1976-07-01,train,0.009733625,0.010471866,0.01403008
1976-08-01,train,0.0020752826,-0.007493717,0.0033699467
1976-09-01,train,0.010502755,0.009052751,0.00778188
1976-10-01,train,0.0014465116,0.0014721005,0.00764389
1976-11-01,train,0.014814506,0.018183948,0.015374808
1976-12-01,train,0.02708208,0.044984978,0.02094113
1977-01-01,train,0.022015324,0.0238828,0.027660862
1977-02-01,train,0.009291274,0.009955251,0.015450241
1977-03-01,train,0.0051208823,0.0055222306,0.007536638
1977-04-01,train,0.013729691,0.014896137,0.015538326
1977-05-01,train,0.009121786,0.0050636935,0.01302819
1977-06-01,train,0.013771069,0.011936474,0.018133793
1977-07-01,train,0.0019830174,-0.0036786546,0.00876716
1977-08-01,train,-0.0061741234,-0.007919592,0.0019460302
1977-09-01,train,0.0071177925,0.006779108,0.01012232
1977-10-01,train,0.0015737545,0.0011570934,0.012826882
1977-11-01,train,0.027166381,0.040320884,0.023883414
1977-12-01,train,0.008807565,0.0074210675,0.011954455
1978-01-01,train,-0.0010488838,0.008596195,0.019513767
1978-02-01,train,0.01318141,0.009756829,0.015497638
1978-03-01,train,0.0054263473,0.023453904,0.017055448
1978-04-01,train,0.023061385,0.03383609,0.021639643
1978-05-01,train,0.009515309,0.03172268,0.01917045
1978-06-01,train,0.0031638788,0.0020816252,0.011318468
1978-07-01,train,0.003146954,0.02842524,0.020245114
1978-08-01,train,0.0055784825,0.026881143,0.014894739
1978-09-01,train,0.0031568531,-0.005026012,0.007404257
1978-10-01,train,-0.00659072,0.029497156,0.029536955
1978-11-01,train,0.010128871,0.016612746,0.028369188
1978-12-01,train,0.010235175,0.008221082,0.012573717
1979-01-01,train,0.01154239,0.02486425,0.018697677
1979-02-01,train,0.0028011694,-0.0044509964,0.0050106444
1979-03-01,train,0.0178042,0.030068832,0.021261683
1979-04-01,train,0.009731763,0.0117188245,0.015455898
1979-05-01,train,0.0013088865,-0.0010022506,0.0033966629
1979-06-01,train,0.0077356584,0.0074302163,0.012281107
1979-07-01,train,0.0138103,0.013695431,0.01275311
1979-08-01,train,0.007493973,0.016977474,0.021424871
1979-09-01,train,0.0060387067,0.0034089051,0.008882511
1979-10-01,train,-0.015414204,0.0028845782,0.027288351
1979-11-01,train,0.0018061083,0.0036697246,0.01387145
1979-12-01,train,0.006164288,0.00019613809,0.005571659
1980-01-01,train,0.016836453,0.025648901,0.014363784
1980-02-01,train,-0.00071381964,-0.008719706,0.0047584637
1980-03-01,train,0.009187527,0.016507119,0.027129203
1980-04-01,train,0.012665476,0.007220926,0.019873153
1980-05-01,train,0.016522942,0.025660327,0.025712293
1980-06-01,train,0.015188876,0.01769858,0.022839617
1980-07-01,train,0.04619606,0.039571743,0.024925204
1980-08-01,train,0.016735526,0.010495052,0.025481828
1980-09-01,train,0.009194098,0.0008988073,0.020622265
1980-10-01,train,0.006419454,-0.00041573416,0.020382587
1980-11-01,train,0.0005233151,-0.006027106,0.026298158
1980-12-01,train,0.0011961425,0.022113359,0.013351301
1981-01-01,train,0.022092825,0.014455476,0.01182325
1981-02-01,train,0.014217954,0.012298138,0.008369553
1981-03-01,train,0.016215844,0.017012909,0.017351715
1981-04-01,train,0.008556078,0.019456843,0.012273823
1981-05-01,train,-0.0016718238,-0.006460423,-0.00083468994
1981-06-01,train,0.016291093,0.022207849,0.017702084
1981-07-01,train,0.0031142095,0.011072103,0.014738732
1981-08-01,train,0.037306923,0.029510042,0.026166888
1981-09-01,train,0.036213927,0.030936575,0.028801868
1981-10-01,train,0.0064277924,0.021927109,0.022795063
1981-11-01,train,0.016734218,0.018060796,0.017389439
1981-12-01,train,0.004616704,0.0066154655,0.012815262
1982-01-01,train,0.0070268805,0.0093059745,0.014115623
1982-02-01,train,0.010606505,0.013194478,0.014542256
1982-03-01,train,0.014962002,0.01691498,0.011868998
1982-04-01,train,0.021600127,0.021815762,0.017597627
1982-05-01,train,0.007627513,0.009522467,0.015207776
1982-06-01,train,0.021071317,0.018808553,0.021074742
1982-07-01,train,0.0070233135,0.018228231,0.011190992
1982-08-01,train,0.022172654,0.026447916,0.02524443
1982-09-01,train,0.029507378,0.039447606,0.030470626
1982-10-01,train,0.033381056,0.041744053,0.02514227
1982-11-01,train,0.03297125,0.026826521,0.021440618
1982-12-01,train,0.010876576,0.0075689335,0.017584598
1983-01-01,train,0.014795862,0.016178012,0.016428713
1983-02-01,train,0.030790627,0.026217269,0.013466548
1983-03-01,train,0.028477935,0.027959324,0.015154798
1983-04-01,train,0.020213777,0.026612902,0.014572572
1983-05-01,train,0.014235455,0.016806928,0.014074264
1983-06-01,train,0.022671057,0.021046765,0.014731235
1983-07-01,train,0.013016619,0.01791715,0.0134315295
1983-08-01,train,0.013417234,0.015990548,0.011636411
1983-09-01,train,0.021724485,0.025664812,0.019037869
1983-10-01,train,0.023759102,0.025268264,0.016509729
1983-11-01,train,0.012805786,0.022207683,0.014511476
1983-12-01,train,0.015670344,0.017555853,0.01546726
1984-01-01,train,0.009699103,0.01094231,0.014470329
1984-02-01,train,0.024618419,0.007844105,0.013332273
1984-03-01,train,0.010216636,0.012511267,0.014355666
1984-04-01,train,0.019028544,0.019582221,0.014945795
1984-05-01,train,0.01614656,0.024600824,0.015518255
1984-06-01,train,0.013682445,0.016987795,0.015047463
1984-07-01,train,0.017995887,0.028653068,0.014268067
1984-08-01,train,0.017622948,0.023363745,0.014422516
1984-09-01,train,0.017434176,0.01554313,0.015624057
1984-10-01,train,0.016785359,0.026711559,0.015820824
1984-11-01,train,0.01348281,0.015931698,0.016507383
1984-12-01,train,0.010907692,0.011690582,0.014960226
1985-01-01,train,0.017721122,0.02041859,0.014406173
1985-02-01,train,0.012231283,0.011462609,0.012818958
1985-03-01,train,0.018287145,0.019247435,0.015623469
1985-04-01,train,0.01398573,0.014129572,0.015069953
1985-05-01,train,0.020888036,0.025797421,0.01658582
1985-06-01,train,0.009131699,0.0118916035,0.012121864
1985-07-01,train,0.0025407956,0.007389899,0.014199131
1985-08-01,train,0.012542524,0.0130298035,0.015524864
1985-09-01,train,0.02002081,0.024253026,0.015778502
1985-10-01,train,0.019615063,0.026065825,0.017562563
1985-11-01,train,0.017893389,0.023028292,0.01515982
1985-12-01,train,0.022040823,0.025067156,0.015089419
1986-01-01,train,0.009845967,0.010031986,0.015381781
1986-02-01,train,0.01911944,0.023099227,0.014099236
1986-03-01,train,0.023386722,0.02699209,0.015578389
1986-04-01,train,0.0056156106,0.007276665,0.015016605
1986-05-01,train,0.0150690405,0.022035614,0.015054951
1986-06-01,train,0.018908864,0.021156346,0.015260471
1986-07-01,train,0.025908291,0.032941155,0.017174603
1986-08-01,train,0.013824643,0.019831432,0.015412862
1986-09-01,train,0.012546257,0.021549528,0.01495711
1986-10-01,train,0.01971522,0.022297526,0.015398828
1986-11-01,train,0.010901459,0.0105201835,0.013957411
1986-12-01,train,0.013914277,0.020486696,0.014530748
1987-01-01,validation,-0.0052502793,-0.005092849,0.007226977
1987-02-01,validation,-0.0060127266,0.0075549628,0.007723434
1987-03-01,validation,0.0056429394,0.006191168,0.009012079
1987-04-01,validation,0.001679686,-0.0011952673,0.0028799945
1987-05-01,validation,-0.006473934,-0.0106075965,-0.0011594635
1987-06-01,validation,0.01089258,0.011882045,0.011209543
1987-07-01,validation,0.0017958392,-0.013962996,-0.0006140118
1987-08-01,validation,0.015777541,0.01661324,0.017073113
1987-09-01,validation,0.014412247,0.013467036,0.014534094
1987-10-01,validation,-0.057670522,0.041884255,0.020795032
1987-11-01,validation,0.01124239,0.018367486,0.027459096
1987-12-01,validation,0.028951809,0.05352596,0.028779497
1988-01-01,validation,0.016551135,0.0051307846,0.021429956
1988-02-01,validation,0.017386677,0.022028118,0.009189212
1988-03-01,validation,0.0080478275,0.014559887,0.01263639
1988-04-01,validation,0.004151598,0.008030627,0.0051250034
1988-05-01,validation,0.009047008,0.008366776,0.003799015
1988-06-01,validation,0.011649703,0.016803648,-0.0006256069
1988-07-01,validation,0.007164446,0.005080255,0.007187156
1988-08-01,validation,0.004945991,0.002898965,0.004129076
1988-09-01,validation,0.010267146,0.015927004,0.0065126093
1988-10-01,validation,0.009732869,0.01523823,0.009593927
1988-11-01,validation,0.012663372,0.002501622,0.012201333
1988-12-01,validation,0.009611121,0.009538273,0.009700517
1989-01-01,validation,-0.004771638,0.010379843,0.008584684
1989-02-01,validation,0.010397802,0.0110091055,0.013626889
1989-03-01,validation,0.006646261,0.0058378265,0.008738272
1989-04-01,validation,0.012527076,0.00130994,0.008959111
1989-05-01,validation,-0.0019068347,-0.0024646663,-0.0030028184
1989-06-01,validation,0.0130449915,0.0061260946,0.011970032
1989-07-01,validation,0.018922264,0.02788687,0.014446578
1989-08-01,validation,0.0032658682,0.0053610676,0.0053880643
1989-09-01,validation,-0.0005442128,-0.001922397,0.0048507173
1989-10-01,validation,-0.004940866,0.00963783,0.007296131
1989-11-01,validation,-0.002910326,0.0023448195,0.003111818
1989-12-01,validation,0.0077543347,0.007361181,0.008313725
1990-01-01,validation,-0.0013647312,-0.00024835454,0.018990707
1990-02-01,validation,-0.0052228845,-0.004066003,0.0063537234
1990-03-01,validation,0.0077770925,0.013295782,0.013013916
1990-04-01,validation,4.792353e-05,0.004731275,0.006592764
1990-05-01,validation,0.0040530115,0.017327672,0.010129333
1990-06-01,validation,-0.00015244633,0.0042832317,0.0037502546
1990-07-01,validation,0.009011646,0.018367818,0.017323557
1990-08-01,validation,-0.01335515,-0.018402724,-0.0030819671
1990-09-01,validation,0.0037936454,0.0072055645,0.0023655808
1990-10-01,validation,0.004006043,0.008764362,0.0104116425
1990-11-01,validation,0.017443156,0.024378667,0.012527008
1990-12-01,validation,0.020451447,0.034269907,0.014224715
1991-01-01,validation,0.0026039518,0.004852788,-0.002650235
1991-02-01,validation,0.01462578,-1.671693e-05,0.0077001518
1991-03-01,validation,0.0006089982,-0.0036235536,0.007133121
1991-04-01,validation,0.009674284,0.0015390702,0.01258094
1991-05-01,validation,0.012171719,0.015120002,0.014010398
1991-06-01,validation,0.0019457974,-2.1176724e-05,-0.001959567
1991-07-01,validation,0.010644498,0.0062797493,0.016565586
1991-08-01,validation,-0.0062852725,-0.003887266,-0.0009020304
1991-09-01,validation,-4.4186134e-05,0.0007443905,0.0039322455
1991-10-01,validation,0.0035176761,-2.3220976e-07,0.009949646
1991-11-01,validation,-0.014148685,-0.012275833,-0.005755711
1991-12-01,validation,0.029085776,0.038716674,0.031569555
1992-01-01,test,0.003727217,0.01399339,0.03336419
1992-02-01,test,0.00045544017,-0.006514298,-0.0044704815
1992-03-01,test,0.010085219,0.00915239,0.008623028
1992-04-01,test,0.010812949,0.016657546,0.0075991997
1992-05-01,test,0.003018967,0.00043839813,0.0074210335
1992-06-01,test,-0.0017019768,0.012451869,0.002367283
1992-07-01,test,0.011979621,0.0059566093,0.01383196
1992-08-01,test,0.013187982,0.0119202165,0.011488677
1992-09-01,test,0.00905099,0.008002716,0.010512748
1992-10-01,test,0.0013426632,-0.0021056829,0.0039280225
1992-11-01,test,0.013097971,-0.002687484,0.008335031
1992-12-01,test,0.018574053,0.01429543,0.018464902
1993-01-01,test,0.011389602,0.010619682,0.025906913
1993-02-01,test,0.015280795,0.011564338,0.013161164
1993-03-01,test,0.01695906,0.012759366,0.020621529
1993-04-01,test,0.00408889,0.0009821075,0.009932528
1993-05-01,test,0.00082880165,-0.0063806414,-0.00037149
1993-06-01,test,0.0054901396,0.0064929835,0.0111152455
1993-07-01,test,0.0074671158,0.0016754583,0.009532352
1993-08-01,test,-0.009917062,-0.010532186,0.012293857
1993-09-01,test,0.003809073,0.0012941029,0.010614244
1993-10-01,test,-0.0013127127,-0.015641613,0.001615196
1993-11-01,test,0.0021765297,-0.0015314174,-0.0039816583
1993-12-01,test,0.019109622,0.014059949,0.019761346
1994-01-01,test,0.0059438874,0.015136073,0.012492156
1994-02-01,test,-0.001535711,-0.0030057451,-0.0013842139
1994-03-01,test,0.002165583,0.013272353,0.004817824
1994-04-01,test,0.015864726,0.0154140815,0.014879733
1994-05-01,test,0.003906118,0.0036563892,0.0030845017
1994-06-01,test,0.013520683,0.015750753,0.010257832
1994-07-01,test,0.0061520697,0.0067591765,0.0064809746
1994-08-01,test,0.0033154443,0.014538492,0.011309155
1994-09-01,test,-8.6185835e-05,0.0005066117,0.005817163
1994-10-01,test,0.008842096,0.007724661,0.008393709
1994-11-01,test,0.001293989,0.013547938,0.0059725954
1994-12-01,test,0.0137996,0.014811928,0.020644315
1995-01-01,test,-0.00025909426,0.0007428608,0.011074406
1995-02-01,test,0.0042269365,0.006588979,0.013280902
1995-03-01,test,-0.0004520784,0.003932811,0.009951739
1995-04-01,test,0.00986135,0.004894357,0.010089608
1995-05-01,test,-0.0015860065,0.0037169643,0.0040742867
1995-06-01,test,-0.012292776,0.004254263,0.004669363
1995-07-01,test,0.0010126027,0.02055768,0.0052664196
1995-08-01,test,0.0037038804,0.0008914117,0.008329201
1995-09-01,test,0.001478301,0.0053098295,0.011538434
1995-10-01,test,0.008380801,0.02257912,0.011959093
1995-11-01,test,0.013432329,0.015516807,0.010568944
1995-12-01,test,0.012829415,0.011542638,0.010593484
1996-01-01,test,-0.0005589148,-0.0025793843,0.009815023
1996-02-01,test,0.0024571617,0.0051890914,0.0071092164
1996-03-01,test,0.0017335712,-0.00049185735,0.0043992703
1996-04-01,test,0.002535537,-0.020292167,0.00040047264
1996-05-01,test,0.0031726502,0.005588131,0.002698874
1996-06-01,test,0.019829469,-0.0021247433,0.00917638
1996-07-01,test,0.020820282,0.022228755,0.013035231
1996-08-01,test,0.008694508,0.012981652,0.014740823
1996-09-01,test,0.0031440824,0.0042418526,0.0054751895
1996-10-01,test,0.024436839,0.022440994,0.016290285
1996-11-01,test,0.0022598861,0.011155355,0.00096980814
1996-12-01,test,0.018739834,0.016182756,0.01649268
1997-01-01,test,-0.0003686218,-0.007899095,0.018165238
1997-02-01,test,0.017825564,0.017053287,0.0140972305
1997-03-01,test,0.025481952,0.015343918,0.013863527
1997-04-01,test,0.008391901,0.014069694,0.009418031
1997-05-01,test,0.0032513414,0.008422003,0.009713192
1997-06-01,test,0.014097721,0.019656666,0.016397592
1997-07-01,test,0.01391079,0.00012664979,0.014439302
1997-08-01,test,-0.003505079,-0.0002525621,0.0028051152
1997-09-01,test,0.005158078,-0.008968029,0.0074941814
1997-10-01,test,0.011282117,0.004904911,0.007224615
1997-11-01,test,0.026178129,0.019292427,0.013954388
1997-12-01,test,0.017404964,0.019488582,0.008659836
1998-01-01,test,-0.0022392685,0.00021865203,0.012905506
1998-02-01,test,0.01321343,0.010854659,0.013921862
1998-03-01,test,0.014052252,0.014118604,0.0118081225
1998-04-01,test,0.0046214308,0.0008274596,0.0035677808
1998-05-01,test,0.018347746,0.018032731,0.017290033
1998-06-01,test,0.0077340878,0.010013576,0.008330476
1998-07-01,test,-0.0009808523,0.0036270805,0.008657511
1998-08-01,test,0.009749079,0.020263752,0.013715513
1998-09-01,test,-0.002849194,0.009837818,0.016291874
1998-10-01,test,0.003851167,0.01602635,0.009646094
1998-11-01,test,0.017205305,0.028184308,0.019812975
1998-12-01,test,0.007347083,0.00913285,0.008446051
1999-01-01,test,-0.013108645,-0.015724098,0.0077762357
1999-02-01,test,0.013684824,0.01024827,0.014663786
1999-03-01,test,-0.011885048,-0.014255946,-0.009425166
1999-04-01,test,-0.008554379,-0.024217164,-0.0123414425
1999-05-01,test,0.0019602834,0.0035151464,0.0080304295
1999-06-01,test,0.0091816755,0.0071872347,0.017398704
1999-07-01,test,0.00455933,-0.00096105534,0.013437129
1999-08-01,test,0.0007058933,-0.0023080055,0.004789593
1999-09-01,test,-0.006516987,-0.0051870504,0.0035147022
1999-10-01,test,0.0064265854,0.01457231,0.018602174
1999-11-01,test,-0.034094606,0.008047481,0.005449867
1999-12-01,test,-0.025164528,-0.005529934,-0.009547316
2000-01-01,test,-0.03426026,-0.008715566,0.019823192
2000-02-01,test,-0.07333229,-0.049906153,-0.046737917
2000-03-01,test,0.034830425,0.03406249,0.035969697
2000-04-01,test,0.035941336,0.0043590176,0.008590301
2000-05-01,test,0.013778153,0.0041574948,-0.0010042893
2000-06-01,test,0.0089156665,0.005658115,0.03175881
2000-07-01,test,0.02483528,0.02730112,0.021066975
2000-08-01,test,-0.0007126766,0.013780887,0.012942035
2000-09-01,test,0.01836194,0.008454063,0.015533484
2000-10-01,test,0.00718975,0.020559194,0.007460841
2000-11-01,test,0.02770965,0.009955472,0.013761095
2000-12-01,test,0.020519277,0.026548838,0.007325588
2001-01-01,test,-0.0272638,3.01525e-05,0.009310332
2001-02-01,test,0.06098641,0.043241065,0.056081124
2001-03-01,test,0.028919257,-0.0070914007,0.014223536
2001-04-01,test,0.002314035,0.019782206,0.009994362
2001-05-01,test,0.01607508,0.012248519,0.016344482
2001-06-01,test,0.0074716234,0.011359774,0.0029217391
2001-07-01,test,0.026207931,0.020824874,0.021770189
2001-08-01,test,0.018322699,0.016316513,0.012858998
2001-09-01,test,0.0019226024,0.013931015,0.016963726
2001-10-01,test,-0.01298787,-0.0016093263,0.0032618092
2001-11-01,test,-0.021050746,0.0118267825,-0.012538067
2001-12-01,test,0.007433696,-0.0038007256,0.0019795836
2002-01-01,test,0.019625138,0.014342975,0.021833478
2002-02-01,test,0.033768214,0.026148655,0.027285067
2002-03-01,test,0.010678165,0.021617746,0.011552619
2002-04-01,test,0.028870167,0.02183841,0.025558066
2002-05-01,test,0.013337527,0.01005521,0.016043348
2002-06-01,test,0.032069307,0.026133776,0.021943208
2002-07-01,test,0.00018268451,0.045875147,0.032276697
2002-08-01,test,0.0053878706,0.0061177784,0.015727844
2002-09-01,test,-0.0050403625,0.0082653,0.020254856
2002-10-01,test,-0.0020188596,-0.003759193,0.0047060344
2002-11-01,test,-0.024916602,-0.032755595,-0.036332063
2002-12-01,test,0.045587484,0.023862967,0.050301977
2003-01-01,test,-0.0079958355,-0.009721073,0.0032616614
2003-02-01,test,-0.008217131,-0.0079612695,-0.0017464111
2003-03-01,test,-0.005338969,0.00013070942,4.5458626e-05
2003-04-01,test,-0.016239015,0.0019548393,-0.011683747
2003-05-01,test,-0.07466169,0.0012861608,-0.031324696
2003-06-01,test,0.0013491175,-0.0029838958,-0.001941766
2003-07-01,test,-0.0014134148,0.01956187,-0.0062157903
2003-08-01,test,0.00040832037,0.0077215782,0.003737986
2003-09-01,test,0.0038949344,-0.0013361336,0.015284364
2003-10-01,test,-0.0018602721,0.0054692086,0.0043749274
2003-11-01,test,0.0030236188,0.0035715143,0.002238991
2003-12-01,test,0.013328512,0.011690146,0.0066355234
2004-01-01,test,-0.006020697,-0.0026638713,0.010610802
2004-02-01,test,0.009197428,0.008704214,0.0055887806
2004-03-01,test,0.0043175905,0.0037689637,0.002742577
2004-04-01,test,0.0030224093,0.0009220001,0.0005801655
2004-05-01,test,0.004111153,0.009315901,0.007181326
2004-06-01,test,0.024365326,0.01745031,0.0122542465
2004-07-01,test,0.0077776406,-0.0029263848,0.0071915356
2004-08-01,test,0.007416185,0.0010941155,0.002570229
2004-09-01,test,0.009789546,0.014560382,0.019996118
2004-10-01,test,-0.00049164164,0.006240574,0.0020391261
2004-11-01,test,-0.0021981492,0.011721647,0.018631464
2004-12-01,test,-0.017409133,0.0029733146,0.0012679921
2005-01-01,test,0.023567216,0.0044730646,0.01926189
2005-02-01,test,0.0141445445,0.0005878325,0.01252343
2005-03-01,test,0.0068893866,0.003022941,0.0033842209
2005-04-01,test,-0.0056192316,0.021710977,-0.0046388283
2005-05-01,test,-0.0027404216,0.015678128,0.010088936
2005-06-01,test,0.008530165,0.0072765,0.00989701
2005-07-01,test,-0.023334764,0.017876118,-0.0061714663
2005-08-01,test,0.0077388384,0.0039867354,0.007272336
2005-09-01,test,-0.00230535,-0.0015858101,-4.2209194e-05
2005-10-01,test,0.009179901,0.010766194,0.004994434
2005-11-01,test,0.0012774036,0.016890008,0.0030476819
2005-12-01,test,-0.0031378625,0.00012901526,0.0020725685
2006-01-01,test,-0.010129919,-0.0009181726,0.006864925
2006-02-01,test,0.0050389036,0.0067759273,0.0070752525
2006-03-01,test,0.00086927926,0.0068951473,0.0041360585
2006-04-01,test,0.005416656,0.00052998593,0.0040749502
2006-05-01,test,0.025757777,-0.0025075048,0.0007547856
2006-06-01,test,0.006373092,0.0023002757,0.00554215
2006-07-01,test,0.014730646,0.0007289534,0.009279483
2006-08-01,test,0.0024092945,0.0107571,0.005845091
2006-09-01,test,0.010350523,0.014194104,0.006006325
2006-10-01,test,0.0016028263,0.01758721,0.004904618
2006-11-01,test,-0.0048817396,0.004281294,-0.0024393233
2006-12-01,test,0.011273845,0.011271432,0.011668809
2007-01-01,test,-0.0053808317,0.00256484,0.000494331
2007-02-01,test,0.0033537892,0.0037471286,0.0025394284
2007-03-01,test,0.010449159,0.005356658,0.009555573
2007-04-01,test,0.010979794,0.00737381,0.0033193326
2007-05-01,test,0.0120700365,0.011548574,0.003224931
2007-06-01,test,0.001445158,-0.0023795585,0.0018034296
2007-07-01,test,0.0118706105,-0.014571483,-0.0054326463
2007-08-01,test,0.004629561,0.0046396567,0.0021380088
2007-09-01,test,-0.0043229368,0.0024824508,0.0019567404
2007-10-01,test,0.0039660926,0.0020875055,0.0030154116
2007-11-01,test,-0.005406553,0.012136131,-0.0067542815
2007-12-01,test,0.007372677,0.006278707,0.008522042
2008-01-01,test,-0.009538157,-0.022338727,0.006894676
2008-02-01,test,0.011806411,0.0098071145,0.02167659
2008-03-01,test,0.01700393,0.013669398,0.007620559
2008-04-01,test,0.0063466863,0.013616505,0.013914545
2008-05-01,test,0.00066006783,0.003140878,0.0015940815
2008-06-01,test,-0.0045647044,-0.03918952,-0.00735618
2008-07-01,test,0.021572238,0.020002697,0.019393792
2008-08-01,test,0.0058363997,0.012048442,0.0008047127
2008-09-01,test,0.018365463,-0.010634091,0.0043974593
2008-10-01,test,-0.023546124,-0.008977133,0.029906567
2008-11-01,test,-0.0130055025,0.00078254874,0.012133792
2008-12-01,test,0.03042247,0.03567097,0.028450796
2009-01-01,test,-0.025503537,-0.024759116,0.003933168
2009-02-01,test,0.016489515,-0.0009885797,0.0016894235
2009-03-01,test,0.0015354591,0.0071101985,0.0044611925
2009-04-01,test,-0.02129895,-0.075901434,-0.05184476
2009-05-01,test,-0.016927129,-0.033063147,-0.0007114179
2009-06-01,test,0.0007052291,0.0029496204,0.01403733
2009-07-01,test,-0.012452703,0.01253856,-0.011306511
2009-08-01,test,-0.03375245,-0.035566624,-0.014981119
2009-09-01,test,-0.024030937,-0.00082415034,-0.0008166565
2009-10-01,test,0.007525639,0.01293428,0.0017379825
2009-11-01,test,-0.004421912,0.014060856,0.00069733773
2009-12-01,test,0.020299394,0.0064677275,0.011757943
2010-01-01,test,-0.0040406804,-0.013319842,-0.0011064034
2010-02-01,test,0.0068743327,0.017674154,0.009473193
2010-03-01,test,-0.005497949,0.01667296,0.0008239432
2010-04-01,test,-0.021209659,-0.0084042875,-0.0057569696
2010-05-01,test,0.0053730668,-0.0041664164,-0.0056383065
2010-06-01,test,-0.0046310895,-0.004758632,1.7849936e-05
2010-07-01,test,0.02327285,0.019782193,0.015845086
2010-08-01,test,-0.0017421203,-0.013208245,0.0010682833
2010-09-01,test,0.01208965,0.02001509,0.0076052514
2010-10-01,test,0.0053857584,0.0016557003,0.0064962595
2010-11-01,test,0.00618727,0.0025648845,0.0016739827
2010-12-01,test,0.009683053,0.006455064,-0.0022008359
2011-01-01,test,0.0003975417,-0.0001892982,-0.0022993465
2011-02-01,test,-0.004774641,-0.0077542937,-0.0054538557
2011-03-01,test,0.011501898,0.0058321133,0.009646505
2011-04-01,test,0.008854493,0.013886068,0.008574675
2011-05-01,test,0.004971279,0.0029950943,0.004727731
2011-06-01,test,0.006004445,0.003928667,0.0011763237
2011-07-01,test,0.0012793941,-0.007979186,-0.0024843407
2011-08-01,test,0.0014229352,-0.01660576,0.00047164204
2011-09-01,test,0.02359162,-0.024873063,-0.0006199767
2011-10-01,test,0.046299692,0.0664369,0.067199945
2011-11-01,test,0.017892608,0.014647626,0.011277709
2011-12-01,test,0.009361322,0.0062512117,0.008118374
2012-01-01,test,0.010341548,0.018342627,0.012967255
2012-02-01,test,0.005383503,0.012104443,0.0033119712
2012-03-01,test,0.0074589034,0.0140439095,0.009424255
2012-04-01,test,0.004814265,0.0022644552,0.003460901
2012-05-01,test,-0.0171056,-0.0060728253,-0.0018482101
2012-06-01,test,0.011228734,0.015805408,0.012964845
2012-07-01,test,0.005207502,0.005302943,0.010566802
2012-08-01,test,-0.009234436,0.009559154,-0.0027827208
2012-09-01,test,-0.00072236423,0.0016918058,0.0005992366
2012-10-01,test,0.009349218,0.009240415,0.010010883
2012-11-01,test,0.008929666,0.018905196,0.0055916673
2012-12-01,test,-0.003266205,0.0031813604,-0.0014265864
2013-01-01,test,-0.0017310117,0.029324198,0.0029458618
2013-02-01,test,0.010467517,0.010695082,0.007445755
2013-03-01,test,0.007100934,0.017018674,0.003318945
2013-04-01,test,-0.0012333762,0.0001793056,0.0015664499
2013-05-01,test,-4.9794402e-05,0.00930059,-0.0040452364
2013-06-01,test,0.0035476831,-0.0017979,0.0016121469
2013-07-01,test,-0.00785495,0.023235856,-0.00040076155
2013-08-01,test,-0.0048208185,-0.009595259,-0.0018679383
2013-09-01,test,0.006414184,0.022619648,0.003982751
2013-10-01,test,0.0128533915,0.017368885,0.012823975
2013-11-01,test,-0.00033408092,0.021225816,0.0069495556
2013-12-01,test,-0.003889162,-0.0015995085,0.0024635072
2014-01-01,test,-0.013423044,-0.013263836,-0.0037636086
2014-02-01,test,-0.0067605446,0.0062460196,-0.00046905724
2014-03-01,test,0.0035498415,0.0027864014,0.0039554196
2014-04-01,test,0.001931968,0.0029106506,-0.007383855
2014-05-01,test,0.007391876,0.011658862,0.0034424625
2014-06-01,test,-0.00030694497,0.0015126006,0.0028246606
2014-07-01,test,0.0040292297,-0.0011991699,0.006409129
2014-08-01,test,-0.008919851,0.01703308,-0.000788105
2014-09-01,test,0.016365519,0.0005583857,0.009699733
2014-10-01,test,0.024390511,0.026930869,0.009521178
2014-11-01,test,0.0077848453,0.017896442,0.00079415913
2014-12-01,test,0.002193487,0.0031453937,-0.009290889
2015-01-01,test,0.0023806847,0.0101106,0.011944498
2015-02-01,test,0.0016265871,0.01568632,0.008898471
2015-03-01,test,0.017065128,0.013222137,0.013463591
2015-04-01,test,-0.015178827,-0.017126238,-0.0062497836
2015-05-01,test,0.023039581,0.025141822,0.023578389
2015-06-01,test,0.0139172925,0.0064889607,0.0039639873
2015-07-01,test,0.007499428,0.027184673,0.008409063
2015-08-01,test,-0.00172567,-0.00728452,0.0025202995
2015-09-01,test,0.018384172,0.014504961,0.016216017
2015-10-01,test,0.0131410025,0.02659355,0.0116977515
2015-11-01,test,0.008540704,0.013489176,0.007062762
2015-12-01,test,0.014879311,0.007427223,0.01425482
2016-01-01,test,0.0091178715,0.0069428124,0.0053603626
2016-02-01,test,0.0043837726,0.005102687,-0.00017239676
2016-03-01,test,-0.0024945184,-0.0026296275,0.00604343
2016-04-01,test,-0.045683116,-0.033431485,-0.031101767
2016-05-01,test,0.024146376,0.026633807,0.022908695
2016-06-01,test,-0.0019527534,0.0047586425,0.0049865614
2016-07-01,test,-0.0036134983,0.009329093,-0.0004263284
2016-08-01,test,-0.0008383153,-0.006271022,-0.004415495
2016-09-01,test,-0.0029042496,-0.0031334467,-0.0019089619
2016-10-01,test,0.021117322,0.0051788506,0.012286425
2016-11-01,test,0.0122236805,0.019173559,0.0029216276
2016-12-01,test,0.007225856,0.004455438,0.0021706847
