business_cycle,volatility_regime,model,months,mean_monthly,volatility_monthly,monthly_sharpe,annualized_sharpe,minimum_month,positive_month_fraction
Expansion,High volatility,LS,106,0.0036854650621203815,0.011263492114640167,0.32720447838109223,1.133469562040248,-0.0533539895819478,0.7452830188679245
Expansion,High volatility,EN,106,0.005650558560651728,0.01877966530379158,0.30088707488897,1.0423034020969555,-0.0749393421732933,0.7075471698113207
Expansion,High volatility,FFN,106,0.018757015180440727,0.03605924494555791,0.5201721558163513,1.8019292051131104,-0.075808854793357,0.7735849056603774
Expansion,High volatility,GAN–LSTM original,106,0.007234358567849057,0.014366370397079832,0.5035620249161571,1.744390023834098,-0.046737917,0.7735849056603774
Expansion,High volatility,GAN–LSTM reduced schedule,106,0.005945050348708874,0.014533069841121517,0.4090705139176634,1.417061827967409,-0.0789124817336202,0.6886792452830188
Expansion,High volatility,GAN–Transformer reduced schedule,106,0.004641346424118687,0.0175457174301545,0.2645287342962651,0.9163544157260378,-0.0815174328984997,0.6792452830188679
Expansion,Low volatility,LS,168,0.0032710762598185737,0.005981312510788443,0.5468826873564224,1.8944572005622584,-0.0176120847896315,0.7261904761904762
Expansion,Low volatility,EN,168,0.0062468910678809405,0.008682683512348521,0.7194654808040171,2.4923015340890564,-0.0222898102514362,0.7857142857142857
Expansion,Low volatility,FFN,168,0.012828658686622096,0.017758495116258044,0.7223955972979578,2.5024517553682584,-0.0415604540186152,0.8154761904761905
Expansion,Low volatility,GAN–LSTM original,168,0.006843042726821428,0.008148146133814285,0.8398281786360261,2.9092501500512564,-0.009547316,0.8511904761904762
Expansion,Low volatility,GAN–LSTM reduced schedule,168,0.00487479439978923,0.007887483510168465,0.6180417865222404,2.1409595509143164,-0.0293987617388164,0.7619047619047619
Expansion,Low volatility,GAN–Transformer reduced schedule,168,0.00486118684407685,0.008848388926006678,0.5493866606370712,1.9031312184480158,-0.0207954135370522,0.6904761904761905
Recession,High volatility,LS,17,0.005399904435543653,0.010701674565711689,0.504584997645604,1.747933705318417,-0.0142551961656639,0.7647058823529411
Recession,High volatility,EN,17,0.0041603552053011625,0.026955982426460877,0.15433884543629994,0.5346454437543828,-0.088451311537743,0.7647058823529411
Recession,High volatility,FFN,17,0.018466890763639818,0.02612825473284799,0.706778579451905,2.448352818624112,-0.0357590057290908,0.8235294117647058
Recession,High volatility,GAN–LSTM original,17,0.006684313494117647,0.017963440237792026,0.37210653447411407,1.289014847075091,-0.05184476,0.8235294117647058
Recession,High volatility,GAN–LSTM reduced schedule,17,0.0060991439678268955,0.012710643372750628,0.4798454168655524,1.662233283580409,-0.0286922518081367,0.7058823529411765
Recession,High volatility,GAN–Transformer reduced schedule,17,-0.0049526288003260395,0.022923239513147987,-0.21605274409340708,-0.7484286597689155,-0.0387176529244161,0.5294117647058824
Recession,Low volatility,LS,9,0.0010124606098855663,0.006167369761536434,0.16416408437189908,0.5686810698203062,-0.0097352871233127,0.6666666666666666
Recession,Low volatility,EN,9,0.009008679240360546,0.011693317126696948,0.7704126333658462,2.6687876475651584,-0.007798458464806,0.7777777777777778
Recession,Low volatility,FFN,9,0.006044861835539212,0.01991551187373062,0.3035253059959073,1.0514425027356036,-0.0287629079470136,0.7777777777777778
Recession,Low volatility,GAN–LSTM original,9,0.007660026166666667,0.00877985980855822,0.8724542684838785,3.0222702405888318,-0.00735618,0.8888888888888888
Recession,Low volatility,GAN–LSTM reduced schedule,9,-0.0016081469970400783,0.012029178507692152,-0.13368718371015412,-0.4631059890135626,-0.0219366653205207,0.6666666666666666
Recession,Low volatility,GAN–Transformer reduced schedule,9,0.005066786116045478,0.013968615737647853,0.3627264298200721,1.256521211392863,-0.0201754441731061,0.7777777777777778
