seed,split,LSTM,Transformer,transformer_minus_lstm
42,test,0.2108474475864613,0.2626745821312002,0.05182713454473892
42,train,0.7777219388875373,0.7373358802671751,-0.04038605862036215
42,validation,0.4278006188434254,0.4323596059899613,0.004558987146535909
43,test,0.04469750296757,0.0395999367332528,-0.005097566234317202
43,train,0.5595514381411598,0.6588422887478025,0.09929085060664267
43,validation,0.2434398049168838,0.0698206964918782,-0.1736191084250056
44,test,0.2584184607582317,0.3556589875931102,0.0972405268348785
44,train,0.6488823848442002,0.6567327700701657,0.007850385225965484
44,validation,0.1441993352129419,0.6447413581502686,0.5005420229373266
45,test,0.0587502147775295,0.0284238568789149,-0.0303263578986146
45,train,0.5923814500428853,0.445252311433215,-0.14712913860967036
45,validation,0.1528817283338234,0.0264720740417739,-0.1264096542920495
46,test,0.0771382636051765,0.078157874577507,0.001019610972330498
46,train,0.7465376569949609,0.5178964189697287,-0.22864123802523217
46,validation,0.1472603514414965,0.2059073534930036,0.05864700205150711
47,test,0.2054977200920713,0.1177110431260254,-0.08778667696604589
47,train,0.6472275174932618,0.5348747181574728,-0.11235279933578901
47,validation,0.2282949182186563,0.3806324369246804,0.1523375187060241
48,test,0.1404890082155654,0.1452025186870122,0.004713510471446802
48,train,0.4859525071700866,0.3764514068209221,-0.10950110034916449
48,validation,0.3303383347717386,0.0181092281185869,-0.3122291066531517
49,test,0.4116077018982456,0.2928052313015977,-0.11880247059664789
49,train,0.7554140056412276,0.4824543091067971,-0.27295969653443053
49,validation,0.5152426564240109,0.4777767920146188,-0.03746586440939209
50,test,0.1988572515435442,-0.0058376086488424,-0.20469486019238659
50,train,0.8015858180125767,0.4162919775095673,-0.38529384050300935
50,validation,0.1638639866313071,0.1915005874652482,0.027636600833941094
