date,gan_lstm_matched_wealth,gan_lstm_matched_drawdown,gan_transformer_wealth,gan_transformer_drawdown
1992-01-01,1.003727217,0.0,1.01399339,0.0
1992-02-01,1.0041843546943443,0.0,1.0073879348875097,-0.0065142980000001405
1992-03-01,1.0143117738278105,0.0,1.0166079421488947,0.0
1992-04-01,1.02527947530831,0.0,1.0335421357092054,0.0
1992-05-01,1.0283747602100433,0.0,1.0339952386487765,0.0
1992-06-01,1.0266244902264603,-0.001701976799999949,1.0468704119070547,0.0
1992-07-01,1.0389230625286916,0.0,1.0531062099385151,0.0
1992-08-01,1.052624361176705,0.0,1.0656594639584767,0.0
1992-09-01,1.0621516537434716,0.0,1.0741876340012486,0.0
1992-10-01,1.0635777656817722,0.0,1.0719257354689407,-0.0021056829000000166
1992-11-01,1.077508476412917,0.0,1.0690449522056797,-0.004787507910897104
1992-12-01,1.09752217596176,0.0,1.0843274094867894,0.0
1993-01-01,1.1100225167321383,0.0,1.0958426217594228,0.0
1993-02-01,1.1269845432557062,0.0,1.1085153162322547,0.0
1993-03-01,1.1460971417438524,0.0,1.1226592688686678,0.0
1993-04-01,1.1507834068857574,0.0,1.1237618409565684,0.0
1993-05-01,1.151737178072177,0.0,1.1165915196304206,-0.006380641400000053
1993-06-01,1.1580603759623034,0.0,1.1238415299436209,0.0
1993-07-01,1.1667077468930054,0.0,1.1257244795628496,0.0
1993-08-01,1.1551374338311873,-0.009917061999999865,1.1138681399593404,-0.010532186000000054
1993-09-01,1.1595374366416829,-0.0061457638131035,1.1153095999494793,-0.00925171283244608
1993-10-01,1.158015297122478,-0.007450408890894766,1.0978643588118848,-0.024748614120733703
1993-11-01,1.1605357518097195,-0.005290095227122871,1.0961830702299604,-0.02624213106244344
1993-12-01,1.182713151344289,0.0,1.111595348292057,-0.012551145086832638
1994-01-01,1.1897430651423786,0.0,1.1284205366302662,0.0
1994-02-01,1.1879159636300656,-0.0015357110000001617,1.1250287921315505,-0.003005745099999957
1994-03-01,1.1904884942463314,0.0,1.139960571395884,0.0
1994-04-01,1.209375268013702,0.0,1.1575320165501666,0.0
1994-05-01,1.214099230516845,0.0,1.161764404114135,0.0
1994-06-01,1.2305146813432073,0.0,1.180063068287529,0.0
1994-07-01,1.238084893429704,0.0,1.188039322847216,0.0
1994-08-01,1.2421896949325417,0.0,1.2053116230381156,0.0
1994-09-01,1.2420826357764556,-8.618583499997445e-05,1.2059222480084928,0.0
1994-10-01,1.2530652496819241,0.0,1.2152375885667162,0.0
1994-11-01,1.2546867023312949,0.0,1.2317015520718877,0.0
1994-12-01,1.2720008769487858,0.0,1.249945426778665,0.0
1995-01-01,1.2716713088228533,-0.0002590942600001478,1.250873962238358,0.0
1995-02-01,1.2770465826941195,0.0,1.2591159445071933,0.0
1995-03-01,1.2764692575182899,-0.00045207839999983346,1.2640678095440268,0.0
1995-04-01,1.2890569676309178,0.0,1.2702546086761433,0.0
1995-05-01,1.287012514901385,-0.001586006499999959,1.274976099708503,0.0
1995-06-01,1.2711915583465054,-0.013859286077360977,1.280400183355377,0.0
1995-07-01,1.2724787703507041,-0.012860717327863203,1.3067222405967382,0.0
1995-08-01,1.2771918795276223,-0.00920447148670378,1.3078870680906565,0.0
1995-09-01,1.2790799535603197,-0.007739777466107101,1.3148317254274728,0.0
1995-10-01,1.2897996681141979,0.0,1.344519468735707,0.0
1995-11-01,1.3071246816003985,0.0,1.3653821178398216,0.0
1995-12-01,1.3238943265973928,0.0,1.38114222935772,0.0
1996-01-01,1.3231543824646215,-0.0005589148000000321,1.3775797327752477,-0.0025793843000000427
1996-02-01,1.3264055867364006,0.0,1.384728119919406,0.0
1996-03-01,1.3287050052610858,0.0,1.384047031215872,-0.0004918573500000134
1996-04-01,1.3320739859640105,0.0,1.3559617177225851,-0.02077404349851364
1996-05-01,1.336300190761994,0.0,1.3635390094322042,-0.015302000574982877
1996-06-01,1.362798313969403,0.0,1.3606418390576245,-0.017394231051784614
1996-07-01,1.3911721591753707,0.0,1.390887213140786,0.0
1996-08-01,1.4032677166426983,0.0,1.4089432269130293,0.0
1996-09-01,1.4076797059730828,0.0,1.4149197564033629,0.0
1996-10-01,1.4420789483115144,0.0,1.4466719621672923,0.0
1996-11-01,1.4453378824819063,0.0,1.462810101473815,0.0
1996-12-01,1.4724232744735288,0.0,1.4864824004203012,0.0
1997-01-01,1.4718805071557306,-0.0003686217999999686,1.4747405347235534,-0.007899094999999856
1997-02-01,1.4981176073363875,0.0,1.4998897083127276,0.0
1997-03-01,1.5362925682968882,0.0,1.5229038930061218,0.0
1997-04-01,1.5491849834370715,0.0,1.5443306847721268,0.0
1997-05-01,1.5542219127099786,0.0,1.5573370424322697,0.0
1997-06-01,1.5761328996074502,0.0,1.5879490965247884,0.0
1997-07-01,1.5980581533859803,0.0,1.588150209944394,0.0
1997-08-01,1.5924568333117683,-0.0035050789999999665,1.587749103392255,-0.00025256210000002
1997-09-01,1.6006708498696234,0.0,1.5735101233883093,-0.009218326115762898
1997-10-01,1.6187298056763417,0.0,1.5812280505011278,-0.004358630184929768
1997-11-01,1.661105123345482,0.0,1.611733777235773,0.0
1997-12-01,1.690016598217526,0.0,1.643144183115602,0.0
1998-01-01,1.6862321972846603,-0.0022392685000000023,1.643503459926823,0.0
1998-02-01,1.7085131083872274,0.0,1.6613431295496488,0.0
1998-03-01,1.732521565131588,0.0,1.6847989753038812,0.0
1998-04-01,1.7405282936543514,0.0,1.6861930783900665,0.0
1998-05-01,1.772463064692135,0.0,1.7165997445867363,0.0
1998-06-01,1.7861714496567214,0.0,1.7337890465907362,0.0
1998-07-01,1.7844194792821313,-0.0009808523000000013,1.740077639032739,0.0
1998-08-01,1.8018159257547919,0.0,1.775338140770844,0.0
1998-09-01,1.7966822026300269,-0.002849194000000055,1.792803594288206,0.0
1998-10-01,1.8036015258382831,0.0,1.8215356921715267,0.0
1998-11-01,1.8346330401887962,0.0,1.872874415152682,0.0
1998-12-01,1.8481122414096056,0.0,1.8899790962551093,0.0
1999-01-01,1.8238859941168128,-0.013108644999999974,1.8602608797276425,-0.015724097999999964
1999-02-01,1.8488455529423666,0.0,1.8793253354935289,-0.005636972801810525
1999-03-01,1.82687193480106,-0.01188504800000001,1.8525337749943012,-0.019812558421944404
1999-04-01,1.8112441798863084,-0.02033775779497493,1.807670660749725,-0.0435499184453807
1999-05-01,1.8147947317854862,-0.018417342163973505,1.8140248877652452,-0.040187856384424125
1999-06-01,1.8314575881118502,-0.009404768723295542,1.827062710385255,-0.03328946124034904
1999-07-01,1.839807807637056,-0.004888318167478811,1.8253068020109244,-0.034218523565858194
1999-08-01,1.8411065156417545,-0.004185875498521563,1.8210939838726958,-0.036447552525266325
1999-09-01,1.829108048413702,-0.010675583202314098,1.8116478775952114,-0.04144554763336106
1999-10-01,1.84086296749266,-0.004317605349458575,1.8380477720783708,-0.02747719500159429
1999-11-01,1.7780994699160069,-0.038265004296205274,1.8528394266012638,-0.019650836206302924
1999-12-01,1.7333544360185202,-0.06246661152417343,1.842593346859561,-0.02507210237903723
2000-01-01,1.6739692623683724,-0.09458674917203624,1.8265341029338455,-0.03356915081599399
2000-02-01,1.551213262969289,-0.16098277625159507,1.7353788125331113,-0.08179999663929094
2000-03-01,1.605242680184146,-0.1317594497661182,1.7944901359812322,-0.05052381820681684
2000-04-01,1.662937246714185,-0.10055372442133725,1.8023123500670006,-0.04638503481959966
2000-05-01,1.685849450528812,-0.08816101602113413,1.80980545429038,-0.04242038556065986
2000-06-01,1.7008799219989352,-0.08003136373827968,1.820045541678382,-0.037002289980506586
2000-07-01,1.743121751108157,-0.057183685065501755,1.8697348234172084,-0.010711373939539248
2000-08-01,1.741879469025191,-0.05785560819125379,1.895501427738686,0.0
2000-09-01,1.7738637553226633,-0.04055600939752524,1.911526116225379,0.0
2000-10-01,1.7866173922574944,-0.03365784696609109,1.9508255524849232,0.0
2000-11-01,1.8361239348808622,-0.00688084412527501,1.9702469416495711,0.0
2000-12-01,1.8737998705070127,0.0,2.0225547085234212,0.0
2001-01-01,1.8227129655974836,-0.02726379999999995,2.02261569360427,0.0
2001-02-01,1.9338736858297276,0.0,2.1100757502814322,0.0
2001-03-01,1.989799875955775,0.0,2.0951123576288335,-0.007091400700000028
2001-04-01,1.9944043425117322,0.0,2.1365583018805925,0.0
2001-05-01,2.0264645518699558,0.0,2.1627279768357845,0.0
2001-06-01,2.041605531834978,0.0,2.187296077876116,0.0
2001-07-01,2.0951117887425275,0.0,2.2328462430985807,0.0
2001-08-01,2.1334998914190084,0.0,2.2692785078510997,0.0
2001-09-01,2.1376017634306503,0.0,2.300891860783151,0.0
2001-10-01,2.109838869615442,-0.012987870000000012,2.2971889749981367,-0.0016093262999999913
2001-11-01,2.0654251874702405,-0.033765211647548976,2.324357329366838,0.0
2001-12-01,2.0807789304246374,-0.026582515966312448,2.3155230849615656,-0.003800725599999999
2002-01-01,2.1216145040817134,-0.007479063510538508,2.348734574681092,0.0
2002-02-01,2.1932576366810483,0.0,2.4101508247609997,0.0
2002-03-01,2.216677603613039,0.0,2.4622528531123735,0.0
2002-04-01,2.2806734562145072,0.0,2.516024540442311,0.0
2002-05-01,2.3110920000149515,0.0,2.541323695561612,0.0
2002-06-01,2.385207118868675,0.0,2.6077380797649115,0.0
2002-07-01,2.385642859262434,0.0,2.7273684475116244,0.0
2002-08-01,2.398496394285954,0.0,2.7440538832886525,0.0
2002-09-01,2.3864071030038096,-0.005040362500000062,2.766734311850198,0.0
2002-10-01,2.381589282114402,-0.007049046315779517,2.756333623592231,-0.0037591930000000495
2002-11-01,2.322248169844492,-0.03179001003424964,2.6660482757329613,-0.03639165339656525
2002-12-01,2.4281136211313066,0.0,2.7296680977571834,-0.013397099220643027
2003-01-01,2.4086988240414313,-0.007995835500000048,2.7031327949131145,-0.022987938041130973
2003-02-01,2.388906230264737,-0.016147263672242063,2.681612426238523,-0.030766194371136257
2003-03-01,2.3761519339574466,-0.021400022932061114,2.6819629382434216,-0.03063950638255808
2003-04-01,2.3375655670596327,-0.037291522638666974,2.687205744796243,-0.028744562393767437
2003-05-01,2.1630389713371523,-0.10916896453579084,2.690661923486735,-0.027495371723131323
2003-06-01,2.1659571650665654,-0.10796712879630288,2.682633268674023,-0.03039722419892721
2003-07-01,2.162895769153294,-0.10922794125854873,2.7351105919334993,-0.01142998074706747
2003-08-01,2.1637789235540263,-0.1088642208819377,2.756229962254762,-0.0037966600372305592
2003-09-01,2.172206700517372,-0.10539330548077985,2.7525472707928667,-0.0051277207921870405
2003-10-01,2.168165804996967,-0.10705751735506708,2.767601525998194,0.0
2003-11-01,2.1747215118864727,-0.10435759967722325,2.777486054424998,0.0
2003-12-01,2.2037073136543097,-0.09242001919681231,2.8099552719141903,0.0
2004-01-01,2.1904394596421133,-0.09788428326449405,2.802469912711054,-0.002663871300000009
2004-02-01,2.2105858688605307,-0.08958713891215087,2.8268632105598526,0.0
2004-03-01,2.220130273407357,-0.08565634899204022,2.8375175553853182,0.0
2004-04-01,2.226840415792915,-0.08289282823783772,2.8401337468551358,0.0
2004-05-01,2.2359952974488233,-0.07912246033732617,2.866592151667597,0.0
2004-06-01,2.290476051805631,-0.05668497887736723,2.9166150733577636,0.0
2004-07-01,2.308290551339482,-0.04934821367049402,2.9080799353396385,-0.0029263848000000703
2004-08-01,2.3254092611019677,-0.04229800415249385,2.9112617106721324,-0.0018354711029687776
2004-09-01,2.348173962032351,-0.03292253640985299,2.953650793281492,0.0
2004-10-01,2.347019501934652,-0.03339799196005955,2.972083269627124,0.0
2004-11-01,2.3418604028940897,-0.03552272739075113,3.006920980568299,0.0
2004-12-01,2.301090643672673,-0.0523134405050828,3.015861502620869,0.0
2005-01-01,2.3553209439076856,-0.029979106657169297,3.029351645946745,0.0
2005-02-01,2.3886358858105696,-0.016258602965351976,3.031132397298161,0.0
2005-03-01,2.405092121874552,-0.009481228166756228,3.040295331698382,0.0
2005-04-01,2.3915773522224035,-0.015047182549834726,3.1063031137180928,0.0
2005-05-01,2.3850234219883024,-0.017746368525756062,3.1550041315417636,0.0
2005-06-01,2.4053680653067273,-0.009367582977431566,3.177961519104927,0.0
2005-07-01,2.3492393691696583,-0.03248375663940273,3.2347711342199057,0.0
2005-08-01,2.36741975301058,-0.024996304782660017,3.2476673108115985,0.0
2005-09-01,2.3619620218829773,-0.02724402955142924,3.2425171271886737,-0.001585810100000029
2005-10-01,2.3836445994096227,-0.01831422604555255,3.2774266956283093,0.0
2005-11-01,2.3866894756020294,-0.017060217103834208,3.3327824587368853,0.0
2005-12-01,2.379200372197393,-0.020144546988342338,3.3332124385323225,0.0
2006-01-01,2.3550992651422633,-0.03007040335905875,3.3301519742012826,-0.0009181726000001555
2006-02-01,2.366966383307746,-0.025183021622798174,3.3527168418764224,0.0
2006-03-01,2.3690239380938727,-0.024335633441199045,3.3758343183563513,0.0
2006-04-01,2.3818561258222926,-0.019050795196092096,3.3776234630470916,0.0
2006-05-01,2.443207444757307,0.0,3.369154056000909,-0.002507504799999838
2006-06-01,2.4587782305778303,0.0,3.376904039205484,-0.00021299705235899857
2006-07-01,2.494997622284979,0.0,3.3793656448863363,0.0
2006-08-01,2.5010088063338634,0.0,3.415717819064943,0.0
2006-09-01,2.5268955555070245,0.0,3.4642008730234037,0.0
2006-10-01,2.5309457301607443,0.0,3.52512650125945,0.0
2006-11-01,2.518590312164368,-0.004881739599999935,3.5402186041985337,0.0
2006-12-01,2.5469845089622107,0.0,3.5801219374608926,0.0
2007-01-01,2.533279613976978,-0.005380831700000033,3.58930437741097,0.0
2007-02-01,2.541775699786914,-0.0020450886752424458,3.6027539624976717,0.0
2007-03-01,2.5683351182163237,0.0,3.6220526833329165,0.0
2007-04-01,2.5965349087373046,0.0,3.6487610116298037,0.0
2007-05-01,2.627875179859288,0.0,3.6908989981809257,0.0
2007-06-01,2.6316728746984626,0.0,3.6821162880971627,-0.002379558500000045
2007-07-01,2.662912438357423,0.0,3.628462393201132,-0.016916367803769705
2007-08-01,2.675240553928458,0.0,3.6452972130544454,-0.012355197242990168
2007-09-01,2.663675658089028,-0.004322936799999955,3.6543464840372306,-0.009903417612270093
2007-10-01,2.6742400424053754,-0.00037398936765264956,3.661974952421564,-0.007836585551004527
2007-11-01,2.6597816218813883,-0.005778520374315033,3.7064171601628715,0.0
2007-12-01,2.679391332670056,0.0,3.7296886675313066,0.0
2008-01-01,2.6538348774746097,-0.009538156999999936,3.6463721705923313,-0.022338726999999947
2008-02-01,2.6851671427642096,0.0,3.682132559978944,-0.012750690953473143
2008-03-01,2.730825536898072,0.0,3.732465095430055,0.0
2008-04-01,2.748157229920793,0.0,3.7832882250643034,0.0
2008-05-01,2.7499712001000454,0.0,3.795171071818067,0.0
2008-06-01,2.7374183944630754,-0.004564704400000008,3.6464401391956316,-0.03918951999999998
2008-07-01,2.796470635574011,0.0,3.7193787764285995,-0.019970719094135392
2008-08-01,2.812791955952534,0.0,3.7641914958924305,-0.008162893144839423
2008-09-01,2.864450182546278,0.0,3.7241627409836844,-0.018710179196313792
2008-10-01,2.7970034833562205,-0.023546124,3.690730436744229,-0.027519348429214774
2008-11-01,2.7606270475609227,-0.03624539732545262,3.6936186131971827,-0.026758334920653715
2008-12-01,2.8446121410965333,-0.006925601838224327,3.825373571939981,0.0
2009-01-01,2.7720644701054287,-0.032252511495495906,3.7306607039289847,-0.024759116000000025
2009-02-01,2.817774468766199,-0.01629482476758859,3.7269726484894927,-0.025723219340532455
2009-03-01,2.822101046216014,-0.014784385704560754,3.7534721638243234,-0.01879591803610281
2009-04-01,2.7619932571377115,-0.035768443812658646,3.468578244110974,-0.09327071490381622
2009-05-01,2.715240640977011,-0.052090115750112576,3.353896131744931,-0.12325003854615624
2009-06-01,2.717155507690531,-0.051421622115561894,3.363788852194607,-0.12066395897415283
2009-07-01,2.6833195771484464,-0.06323398692757853,3.40596592054518,-0.10963835126358767
2009-08-01,2.5927509672867224,-0.09485213494550482,3.284827211292336,-0.14130550924821572
2009-09-01,2.530444732135166,-0.1166036862663139,3.282120019829308,-0.14201320260472505
2009-10-01,2.549487945698667,-0.10995556451522348,3.324571879159386,-0.1309157611309112
2009-11-01,2.538214334357727,-0.1138912626850268,3.3713182056138953,-0.11869569279630343
2009-12-01,2.5897385471873022,-0.09590379229942758,3.393122973083595,-0.11299565669273359
2010-01-01,2.579274241398558,-0.09955695612559767,3.3479271111955513,-0.12481041439890006
2010-02-01,2.597005030658472,-0.09336701106460421,3.4070988905395967,-0.10934217888379005
2010-03-01,2.5827268294471684,-0.09835163299948857,3.4639053140576075,-0.09449227665863247
2010-04-01,2.5279480741044424,-0.11747528740147639,3.4347936579254896,-0.10210242389906377
2010-05-01,2.541530907973537,-0.11273342316803359,3.4204828772984928,-0.10584343908565097
2010-06-01,2.5297608508716953,-0.11684243409570116,3.404206058023128,-0.11009840110942792
2010-07-01,2.5886355956899045,-0.09628884053804532,3.4715487192747103,-0.09249419592916619
2010-08-01,2.5841258810693506,-0.09786321409428045,3.425695653261094,-0.1044807549282557
2010-09-01,2.6153670585274207,-0.08695669610055545,3.4942612600737233,-0.08655685664141266
2010-10-01,2.6294527936319683,-0.08203926545701512,3.5000467094903054,-0.08504446855492098
2010-11-01,2.645721928018424,-0.07635959454299923,3.509023925044753,-0.08269771329412834
2010-12-01,2.6713405936706884,-0.06741593554401759,3.5316748990584483,-0.07677646832609553
2011-01-01,2.672402562951575,-0.06704519448964097,3.5310063593570713,-0.07695123287883898
2011-02-01,2.6596428001060013,-0.0714997187551778,3.5036258989900486,-0.0841088241185195
2011-03-01,2.6902337403092544,-0.06082020322732873,3.5240594421937734,-0.07876724301030835
2011-04-01,2.714054396131187,-0.05250424229106354,3.572994771244118,-0.06597494230292211
2011-05-01,2.7275467177555317,-0.04779397652817596,3.5836962275174007,-0.06317744917655643
2011-06-01,2.7439241220072255,-0.042076507831570575,3.597775376624473,-0.05949698533628056
2011-07-01,2.7474346823397693,-0.040850946167438895,3.569068057708166,-0.06700143382384316
2011-08-01,2.751344103858971,-0.03948613921669386,3.509800970118198,-0.08249458409410848
2011-09-01,2.8162527684464522,-0.016826061208361387,3.422501469470987,-0.10531575410677696
2011-10-01,2.9466444042196707,0.0,3.6498818573480842,-0.04587570633079341
2011-11-01,2.9993675574597667,0.0,3.703343961738704,-0.031900050519612755
2011-12-01,3.027445602961501,0.0,3.7264943488414493,-0.02584825278865166
2012-01-01,3.058754076981916,0.0,3.794848044699856,-0.007979750648155592
2012-02-01,3.0752208887316104,0.0,3.8407825665505864,0.0
2012-03-01,3.098158664274322,0.0,3.8947221693244005,0.0
2012-04-01,3.113074021096185,0.0,3.903541593193282,0.0
2012-05-01,3.0598230221209217,-0.017105600000000054,3.879836067046536,-0.006072825299999973
2012-06-01,3.0941809609233935,-0.006068940232310527,3.9411584590593223,0.0
2012-07-01,3.110293914465764,-0.000893042250708187,3.9620581977216816,0.0
2012-08-01,3.0815721043714404,-0.0101192315091988,3.9999321221906654,0.0
2012-09-01,3.0793460869110763,-0.010834285968321478,4.006699230554593,0.0
2012-10-01,3.108135564775055,-0.0015863600697136881,4.043722794225099,0.0
2012-11-01,3.1358901772512175,0.0,4.120170166219592,0.0
2012-12-01,3.1256477170748287,-0.0032662049999999665,4.133277912427664,0.0
2013-01-01,3.120237184306494,-0.0049915628609303875,4.254482972320719,0.0
2013-02-01,3.152898320077254,0.0,4.299985016577294,0.0
2013-03-01,3.175286842956833,0.0,4.373165059779307,0.0
2013-04-01,3.171370519736557,-0.0012333761999999693,4.3739491927642495,0.0
2013-05-01,3.171212603238006,-0.0012831091867697708,4.414629500886981,0.0
2013-06-01,3.1824630605970206,0.0,4.406692438507337,-0.001797900000000019
2013-07-01,3.157464972379184,-0.007854950000000027,4.509085709444782,0.0
2013-08-01,3.142243406827236,-0.01263790121172359,4.46581986420946,-0.009595259000000023
2013-09-01,3.162398334211413,-0.006304779035469332,4.566835137569286,0.0
2013-10-01,3.2030458780799798,0.0,4.646155971887686,0.0
2013-11-01,3.2019758015662285,-0.00033408091999997946,4.744774423654276,0.0
2013-12-01,3.1895227989538575,-0.004221943625181024,4.737185116633058,-0.001599508500000013
2014-01-01,3.1467096940844965,-0.017588316290134798,4.674351870144396,-0.014842128881575434
2014-02-01,3.125436222854386,-0.024229954293416345,4.703547963542615,-0.00868881350947548
2014-03-01,3.136531026063878,-0.020766125290710202,4.716653936173198,-0.005926622631602485
2014-04-01,3.1425907036372407,-0.018874276780255772,4.730382467782513,-0.0030332223593210195
2014-05-01,3.16582034443728,-0.011621917093805112,4.785533344181609,0.0
2014-06-01,3.1648486118066317,-0.011925294774811301,4.7927719447893375,0.0
2014-07-01,3.1776005138293266,-0.007944114826699211,4.787024596935582,-0.0011991699000000189
2014-08-01,3.1492567907084457,-0.016793105506118233,4.868562369857154,0.0
2014-09-01,3.2007960125526638,-0.0007024143933476168,4.87128090546404,0.0
2014-10-01,3.2788650629055858,0.0,5.002468733391294,0.0
2014-11-01,3.3043905201798807,0.0,5.091995124935245,0.0
2014-12-01,3.3116386578288184,0.0,5.108011454321647,0.0
2015-01-01,3.3195226253134402,0.0,5.1596565149317115,0.0
2015-02-01,3.3249221179939337,0.0,5.240592538115015,0.0
2015-03-01,3.3816623395275314,0.0,5.30988437061515,0.0
2015-04-01,3.330332671903428,-0.01517882699999995,5.218946027131515,-0.017126238000000127
2015-05-01,3.407062141254693,0.0,5.350159839173262,0.0
2015-06-01,3.4544792216402107,0.0,5.384876816108376,0.0
2015-07-01,3.4803858398403977,0.0,5.531262931499564,0.0
2015-08-01,3.4743798424081604,-0.0017256700000000125,5.490970336049796,-0.0072845200000001276
2015-09-01,3.538253439024325,0.0,5.570616646626355,0.0
2015-10-01,3.5847496363121776,0.0,5.718759118949246,0.0
2015-11-01,3.6153659218700276,0.0,5.795900467206358,0.0
2015-12-01,3.6691600758003338,0.0,5.838947912462104,0.0
2016-01-01,3.7026150058844114,0.0,5.8794866324317,0.0
2016-02-01,3.7188464280955564,0.0,5.909487812437683,0.0
2016-03-01,3.709569697253898,-0.0024945184000000342,5.893948060775182,-0.0026296274999999536
2016-04-01,3.5401049944641634,-0.04806367702656855,5.696904624590597,-0.03597320014767824
2016-05-01,3.625585700739973,-0.02507786464399464,5.848634882859351,-0.010297496417583818
2016-06-01,3.618505825935862,-0.02698164715854634,5.876466445379907,-0.005587856021680215
2016-07-01,3.6054303612853023,-0.030497647322407784,5.931288547360236,0.0
2016-08-01,3.6024078738503524,-0.031310395978043304,5.894093306391392,-0.0062710219999999595
2016-09-01,3.5919455822236857,-0.03412371237304834,5.8756244791709875,-0.009384818786808413
2016-10-01,3.6677978536899807,-0.013726991795065313,5.906053460530316,-0.004254570761213494
2016-11-01,3.7126318427920726,-0.0016711056569943539,6.019293525012948,0.0
2016-12-01,3.739458785869103,0.0,6.046112114117444,0.0
