architecture,seed,split,months,mean_monthly,volatility_monthly,monthly_sharpe,annualized_sharpe,minimum_month,maximum_month,positive_month_fraction
LSTM,42,train,240,0.011851982221283119,0.012645148618875513,0.937275043457502,3.246815991869442,-0.027635449543595314,0.061247557401657104,0.8625
LSTM,42,validation,60,0.007071452024198758,0.011727847352439875,0.6029624884849482,2.0887233302281882,-0.022870853543281555,0.03331124410033226,0.75
LSTM,42,test,300,0.004235444518471922,0.020430668900095483,0.20730816691234852,0.7181365558323136,-0.09475500881671906,0.10590171068906784,0.6633333333333333
LSTM,43,train,240,0.012182504799005756,0.012900311838739584,0.9443573885106982,3.271349954807181,-0.02601439505815506,0.064301498234272,0.8625
LSTM,43,validation,60,0.004017531123342148,0.013514235798494614,0.29728141370669814,1.029813025371808,-0.06786563247442245,0.02485921047627926,0.6833333333333333
LSTM,43,test,300,0.003421109913028128,0.014985063112684228,0.22830133495616056,0.7908590231597412,-0.08098328858613968,0.0475805439054966,0.63
LSTM,44,train,240,0.013313600232504542,0.013207670368974859,1.0080203291398395,3.4918848502650084,-0.04089823365211487,0.05890556797385216,0.8625
LSTM,44,validation,60,0.004140030288787481,0.018999704944621047,0.2178997148037056,0.7548267539895726,-0.08227508515119553,0.038871053606271744,0.7166666666666667
LSTM,44,test,300,0.005877790426238789,0.018762311628773027,0.31327645241884144,1.0852214648087346,-0.08084890246391296,0.06818893551826477,0.71
Transformer,42,train,240,0.017029972524680186,0.015046440449236,1.1318273303334612,3.9207648830651953,-0.03367861732840538,0.07402364909648895,0.8833333333333333
Transformer,42,validation,60,0.010380943354296809,0.02277019935684282,0.455900415785212,1.5792853666635267,-0.016577331349253654,0.1615145206451416,0.7666666666666667
Transformer,42,test,300,0.005454686056436913,0.015323818066035978,0.3559612906477133,1.2330860818592633,-0.07183553278446198,0.06962249428033829,0.6966666666666667
Transformer,43,train,240,0.01849529359325288,0.016937121470980775,1.0919974580652207,3.782790158210054,-0.024131709709763527,0.07459011673927307,0.8791666666666667
Transformer,43,validation,60,0.009317131607288805,0.0161113635220659,0.5782956603597325,2.003274931079303,-0.03183341771364212,0.0655033141374588,0.7333333333333333
Transformer,43,test,300,0.006891319401953903,0.021427490266193425,0.3216111320711448,1.1140936420539342,-0.10965657234191895,0.09160792827606201,0.7
Transformer,44,train,240,0.012134694690500207,0.011183146689282981,1.0850876794926703,3.7588539830966368,-0.02662632055580616,0.05142131447792053,0.8625
Transformer,44,validation,60,0.00554863695288077,0.016388819712114176,0.3385623278764466,1.1728143068215966,-0.05866507440805435,0.052985742688179016,0.6666666666666666
Transformer,44,test,300,0.005989852265338413,0.01423616083393739,0.42074912858944985,1.457517735914516,-0.06270845234394073,0.06081162765622139,0.7433333333333333
