date,split,gan_transformer_sdf
1967-01-01,train,0.023900569840560618
1967-02-01,train,-0.003180397205350915
1967-03-01,train,0.01884316107898535
1967-04-01,train,0.006116218985597921
1967-05-01,train,0.013054037963331305
1967-06-01,train,0.004235598898207238
1967-07-01,train,0.0059153103597924086
1967-08-01,train,0.012214842050190699
1967-09-01,train,0.007956696214177526
1967-10-01,train,-0.0032183495343080302
1967-11-01,train,5.076824196195273e-05
1967-12-01,train,0.0063598938100683676
1968-01-01,train,0.0213715937417312
1968-02-01,train,0.013802955381451005
1968-03-01,train,0.0015624107953226048
1968-04-01,train,0.0071044145537664935
1968-05-01,train,0.006894757681083693
1968-06-01,train,0.012917143022425383
1968-07-01,train,0.009121132230537203
1968-08-01,train,0.009994355985729939
1968-09-01,train,0.004479135605943224
1968-10-01,train,0.021389404447554765
1968-11-01,train,0.008751528070006268
1968-12-01,train,0.0034211875196299792
1969-01-01,train,-0.0032858381904714296
1969-02-01,train,0.005649888252129054
1969-03-01,train,0.0043161640055498305
1969-04-01,train,0.0022725533417961856
1969-05-01,train,0.014353166398182989
1969-06-01,train,-0.0034142384007072243
1969-07-01,train,-0.0014303189294799777
1969-08-01,train,0.006253646234625854
1969-09-01,train,0.009438582351275853
1969-10-01,train,0.0029528677651011006
1969-11-01,train,0.019391907044779593
1969-12-01,train,0.0007119529132293378
1970-01-01,train,0.005711233858062632
1970-02-01,train,0.00957240753677783
1970-03-01,train,0.015456005612193985
1970-04-01,train,-0.022212281920842392
1970-05-01,train,-0.022355081049013112
1970-06-01,train,0.024044770102138846
1970-07-01,train,0.011028288938990223
1970-08-01,train,-0.000514855759845249
1970-09-01,train,-0.005972135919933289
1970-10-01,train,0.02046689298432496
1970-11-01,train,0.008405592450969675
1970-12-01,train,0.038837853856092015
1971-01-01,train,0.010123900711485119
1971-02-01,train,0.006083326242063894
1971-03-01,train,0.007087500744916748
1971-04-01,train,0.010644605537524042
1971-05-01,train,0.004821567981229322
1971-06-01,train,0.010325748408976317
1971-07-01,train,0.011195906458301378
1971-08-01,train,0.010269041807722283
1971-09-01,train,0.009807679812631172
1971-10-01,train,0.005618651160904646
1971-11-01,train,-0.005883918988819185
1971-12-01,train,0.01776304339805438
1972-01-01,train,0.01717606427788498
1972-02-01,train,0.006805813163172345
1972-03-01,train,0.013590885310194048
1972-04-01,train,0.006858317912823301
1972-05-01,train,-0.003578855612540601
1972-06-01,train,0.007713852331869088
1972-07-01,train,0.012589173347334027
1972-08-01,train,0.002646887537520617
1972-09-01,train,0.002509874535585486
1972-10-01,train,0.007260792986856187
1972-11-01,train,0.006861249528900863
1972-12-01,train,0.014422848656799808
1973-01-01,train,0.018261917809132343
1973-02-01,train,-0.000861235592881554
1973-03-01,train,0.003085021098445059
1973-04-01,train,0.016524531109542245
1973-05-01,train,-0.0020961206377323608
1973-06-01,train,0.005726717252759669
1973-07-01,train,0.00231730796538285
1973-08-01,train,0.004917844712499978
1973-09-01,train,0.013997968355986108
1973-10-01,train,0.022214426441152974
1973-11-01,train,-0.003130584720797062
1973-12-01,train,0.02478071827436022
1974-01-01,train,0.01516890213023075
1974-02-01,train,0.00434593030211045
1974-03-01,train,0.008289651367022113
1974-04-01,train,0.0024981911191812953
1974-05-01,train,-0.002654681491208253
1974-06-01,train,0.011131362753862757
1974-07-01,train,0.003986688140862384
1974-08-01,train,-0.002214005184506109
1974-09-01,train,-0.0005303757038856549
1974-10-01,train,0.025317967580936008
1974-11-01,train,-0.0009093811152134728
1974-12-01,train,-0.00795103445751846
1975-01-01,train,0.027172760692210605
1975-02-01,train,0.006439923228543267
1975-03-01,train,0.007752550738499455
1975-04-01,train,0.014459318208359172
1975-05-01,train,0.005870632489057649
1975-06-01,train,0.015203540973387457
1975-07-01,train,0.0138886989355718
1975-08-01,train,0.0025589331077512907
1975-09-01,train,0.0033632850833989264
1975-10-01,train,0.0061340478608163905
1975-11-01,train,0.007386734553879562
1975-12-01,train,-0.001037634640027919
1976-01-01,train,0.043398655341569566
1976-02-01,train,0.005727132269631104
1976-03-01,train,0.0057814988696181496
1976-04-01,train,0.0014568894774505993
1976-05-01,train,-0.0012897678361970164
1976-06-01,train,0.003640172787614759
1976-07-01,train,0.011346256030046662
1976-08-01,train,-0.0009166128413437095
1976-09-01,train,0.017267734342764816
1976-10-01,train,-0.004553765431180174
1976-11-01,train,0.014707562792150597
1976-12-01,train,0.02765512404014145
1977-01-01,train,0.01215065446645445
1977-02-01,train,0.0074747039117527255
1977-03-01,train,0.0042551138689898025
1977-04-01,train,0.009029326243300297
1977-05-01,train,0.00194200949959038
1977-06-01,train,0.01795154962996943
1977-07-01,train,0.00046338320513254175
1977-08-01,train,-0.002026471537232432
1977-09-01,train,0.008595382595907372
1977-10-01,train,0.0020321635053422147
1977-11-01,train,0.031238094199947542
1977-12-01,train,0.010321849009496759
1978-01-01,train,-0.007538249609836879
1978-02-01,train,0.006710734934470881
1978-03-01,train,0.011056168124404998
1978-04-01,train,0.01708042680534773
1978-05-01,train,0.012946312411668324
1978-06-01,train,0.004172139532311655
1978-07-01,train,0.013661633757008919
1978-08-01,train,0.008500555001513194
1978-09-01,train,0.005381552186909352
1978-10-01,train,-0.013496086024758127
1978-11-01,train,0.011403563571087762
1978-12-01,train,0.01668076540326154
1979-01-01,train,0.021632954335964787
1979-02-01,train,-0.00016701913972125556
1979-03-01,train,0.014214764277844957
1979-04-01,train,0.009345262782699438
1979-05-01,train,0.0015311227844599772
1979-06-01,train,0.013760510951265346
1979-07-01,train,0.00925359226598509
1979-08-01,train,0.018172138167433956
1979-09-01,train,0.017605772485891232
1979-10-01,train,-0.010377224662455843
1979-11-01,train,0.016659549269073964
1979-12-01,train,0.008181609655296173
1980-01-01,train,0.011071135200774716
1980-02-01,train,0.0023231718878284086
1980-03-01,train,0.0008504380793688998
1980-04-01,train,0.02489409775914584
1980-05-01,train,0.024435429320960277
1980-06-01,train,0.020331966648423985
1980-07-01,train,0.01479450856948157
1980-08-01,train,0.012343215418095055
1980-09-01,train,0.017686623536127273
1980-10-01,train,0.011214369495244724
1980-11-01,train,0.0032157492615744504
1980-12-01,train,0.008081348496263142
1981-01-01,train,0.007846568273155266
1981-02-01,train,0.010085085450643225
1981-03-01,train,0.018770252337802072
1981-04-01,train,0.010527552140201011
1981-05-01,train,-0.004558694549785014
1981-06-01,train,0.018523840812686918
1981-07-01,train,-0.015586129734981328
1981-08-01,train,0.006722623496839604
1981-09-01,train,-0.0010716368173483962
1981-10-01,train,0.009395786528366612
1981-11-01,train,0.017115307641035173
1981-12-01,train,0.009853710856619815
1982-01-01,train,0.004093311579785418
1982-02-01,train,0.009497460055234778
1982-03-01,train,0.011279886616658437
1982-04-01,train,0.014788732807947324
1982-05-01,train,0.011427793940310418
1982-06-01,train,0.011242925434126931
1982-07-01,train,0.009234014781852474
1982-08-01,train,0.011480129973067897
1982-09-01,train,0.03648947886944251
1982-10-01,train,0.02343839031869126
1982-11-01,train,0.02186504924460052
1982-12-01,train,0.012598158322037497
1983-01-01,train,0.015485481255347794
1983-02-01,train,0.022353613929886353
1983-03-01,train,0.022415420788815234
1983-04-01,train,0.02406712023321398
1983-05-01,train,0.022137987192815473
1983-06-01,train,0.019727803500295595
1983-07-01,train,0.015450002225947813
1983-08-01,train,0.004703711804663978
1983-09-01,train,0.017683314316693163
1983-10-01,train,0.008550239295158994
1983-11-01,train,0.009259056926560679
1983-12-01,train,0.018900513678059346
1984-01-01,train,0.014179304784593578
1984-02-01,train,-0.001279344898575555
1984-03-01,train,0.0116986379051009
1984-04-01,train,0.009972031779392525
1984-05-01,train,0.0021059503855619358
1984-06-01,train,0.002962033437797187
1984-07-01,train,0.0077137202859835835
1984-08-01,train,0.019988707606877338
1984-09-01,train,0.01514803801074493
1984-10-01,train,0.01313783099915786
1984-11-01,train,0.0034383204149600085
1984-12-01,train,0.007386670153733317
1985-01-01,train,0.01833790986327016
1985-02-01,train,0.012492606812997187
1985-03-01,train,0.01290540328937178
1985-04-01,train,0.012420745684254223
1985-05-01,train,0.011091361413473874
1985-06-01,train,0.006880500250836664
1985-07-01,train,0.007739705354793952
1985-08-01,train,0.014252111698042769
1985-09-01,train,0.013215401194120261
1985-10-01,train,0.0206551554794098
1985-11-01,train,0.01793670496648019
1985-12-01,train,0.01880187897116181
1986-01-01,train,0.007586267497445061
1986-02-01,train,0.019307365175666474
1986-03-01,train,0.02100581031012355
1986-04-01,train,0.009603092730760763
1986-05-01,train,0.007438851898597664
1986-06-01,train,0.0121198307498536
1986-07-01,train,0.010661701691803097
1986-08-01,train,0.011816114191929782
1986-09-01,train,0.005934029320283557
1986-10-01,train,0.021255962163885093
1986-11-01,train,0.007871839962043556
1986-12-01,train,0.012247020222727351
1987-01-01,validation,0.02192225273766355
1987-02-01,validation,0.008635455468630876
1987-03-01,validation,0.011016749882749383
1987-04-01,validation,-0.008769925646401845
1987-05-01,validation,-0.004855586691206146
1987-06-01,validation,0.010174560204789523
1987-07-01,validation,0.006772526252825634
1987-08-01,validation,0.010934606952256355
1987-09-01,validation,0.004453185495413804
1987-10-01,validation,-0.03444128434660772
1987-11-01,validation,0.012845416993076505
1987-12-01,validation,0.019534385360988234
1988-01-01,validation,0.0035964855194470604
1988-02-01,validation,0.012834138611489035
1988-03-01,validation,0.007610467115839597
1988-04-01,validation,0.009235787896626976
1988-05-01,validation,0.0033852201055118705
1988-06-01,validation,0.009430230772654046
1988-07-01,validation,-0.00031352040420484247
1988-08-01,validation,-0.0005313075134808926
1988-09-01,validation,0.009302775365687974
1988-10-01,validation,0.008018755880963754
1988-11-01,validation,0.004368915619099213
1988-12-01,validation,0.005611154330338995
1989-01-01,validation,0.005982596696724761
1989-02-01,validation,0.008096693087524183
1989-03-01,validation,0.008101136257511438
1989-04-01,validation,0.009109166986781955
1989-05-01,validation,-0.0020741919211491855
1989-06-01,validation,0.008081036725582448
1989-07-01,validation,0.024020167675809948
1989-08-01,validation,0.006129250883425925
1989-09-01,validation,0.003895059789923779
1989-10-01,validation,0.007259224133604641
1989-11-01,validation,0.0013913369733123545
1989-12-01,validation,0.009725473476303982
1990-01-01,validation,-0.01088102948939356
1990-02-01,validation,0.0026276604267871217
1990-03-01,validation,0.006215663000943871
1990-04-01,validation,0.0010082535527763895
1990-05-01,validation,0.023153585722171178
1990-06-01,validation,0.00026730939825481706
1990-07-01,validation,0.013408904070355214
1990-08-01,validation,-0.007794521932250344
1990-09-01,validation,0.00041479781349702637
1990-10-01,validation,-0.0019447892206786374
1990-11-01,validation,0.012297762376538351
1990-12-01,validation,0.014712200620708504
1991-01-01,validation,-0.006998127089077427
1991-02-01,validation,0.005227914646306352
1991-03-01,validation,-0.0013859009280604107
1991-04-01,validation,0.018490862864035017
1991-05-01,validation,0.017002061071881108
1991-06-01,validation,-0.0027165250067850174
1991-07-01,validation,0.017015016529372887
1991-08-01,validation,-0.007208703632461312
1991-09-01,validation,0.0067424618941390475
1991-10-01,validation,0.014691536021738222
1991-11-01,validation,-0.010668861990223336
1991-12-01,validation,0.025473539421978157
1992-01-01,test,0.009809193723811355
1992-02-01,test,-0.013616627036598161
1992-03-01,test,0.004731145188110455
1992-04-01,test,0.010934477187220399
1992-05-01,test,0.0012619259384321437
1992-06-01,test,0.0031104573135950844
1992-07-01,test,-0.001457588492503791
1992-08-01,test,-6.104641799076773e-05
1992-09-01,test,0.009298245817559097
1992-10-01,test,-0.0034170498341863334
1992-11-01,test,0.0029779727685694804
1992-12-01,test,0.011412369564876302
1993-01-01,test,0.0038306790712805626
1993-02-01,test,-0.0012593663443698437
1993-03-01,test,0.01779370406812296
1993-04-01,test,-0.0001857303269543105
1993-05-01,test,-0.005624961450101331
1993-06-01,test,-0.0065511870607787214
1993-07-01,test,-0.002060451420833477
1993-08-01,test,0.013775179957641649
1993-09-01,test,0.0019040019058472674
1993-10-01,test,-0.004218578312075799
1993-11-01,test,-0.005457090377972664
1993-12-01,test,0.017993809812151047
1994-01-01,test,0.008272946032529442
1994-02-01,test,-0.010316701641165662
1994-03-01,test,-0.007794658256217624
1994-04-01,test,0.004943448417707033
1994-05-01,test,-0.0006112891620861317
1994-06-01,test,0.008702976028462844
1994-07-01,test,0.009235543392356823
1994-08-01,test,0.01743066281352203
1994-09-01,test,-0.004110963420228882
1994-10-01,test,0.005159883785184109
1994-11-01,test,0.00823511879103938
1994-12-01,test,0.006766727962446358
1995-01-01,test,0.0013865228738053014
1995-02-01,test,0.010360798853646757
1995-03-01,test,0.01539270149001536
1995-04-01,test,0.011140247948474576
1995-05-01,test,0.0018088642058089336
1995-06-01,test,0.00818127247025652
1995-07-01,test,0.0020271544756561197
1995-08-01,test,0.006159526725626731
1995-09-01,test,-0.001482436191824322
1995-10-01,test,0.011774291585031849
1995-11-01,test,0.016418491408509057
1995-12-01,test,0.021025434481030256
1996-01-01,test,-0.0015660869497047347
1996-02-01,test,0.001369723094177455
1996-03-01,test,-0.0015164339230949607
1996-04-01,test,-0.013599096392134458
1996-05-01,test,-0.010786155502377853
1996-06-01,test,0.004924332944855621
1996-07-01,test,0.01189660619346978
1996-08-01,test,0.006934612486793628
1996-09-01,test,0.0024703163659396195
1996-10-01,test,0.01821184270095873
1996-11-01,test,0.012741903463494509
1996-12-01,test,0.021524011306414476
1997-01-01,test,-0.007814738365618025
1997-02-01,test,0.015630731693414144
1997-03-01,test,0.006895396840200884
1997-04-01,test,0.0031375158704087477
1997-05-01,test,0.012265984101767661
1997-06-01,test,0.011821521068804934
1997-07-01,test,-0.002140333450378114
1997-08-01,test,-0.008174732659466558
1997-09-01,test,-0.002075727605722401
1997-10-01,test,-0.006192357669081363
1997-11-01,test,0.009211163133598219
1997-12-01,test,0.025697597354943213
1998-01-01,test,-0.011528921613253541
1998-02-01,test,0.009366951429911268
1998-03-01,test,0.013843741833844996
1998-04-01,test,-0.005534278250676527
1998-05-01,test,0.007965940819654922
1998-06-01,test,-0.0023520976245414546
1998-07-01,test,-0.0023181063420514222
1998-08-01,test,-0.004497933243960527
1998-09-01,test,0.0015786022522727547
1998-10-01,test,-0.0033680717648008267
1998-11-01,test,0.0216074610548318
1998-12-01,test,0.0050246074267579766
1999-01-01,test,-0.010785240448146511
1999-02-01,test,0.0018182519832354884
1999-03-01,test,-0.012982356406607814
1999-04-01,test,0.006621258891567101
1999-05-01,test,0.00044748279288630644
1999-06-01,test,0.014708755752424472
1999-07-01,test,0.002532885084336386
1999-08-01,test,-6.0983758129956784e-05
1999-09-01,test,-0.0003103965212765062
1999-10-01,test,-0.002359955862627766
1999-11-01,test,0.003758463983016767
1999-12-01,test,-0.0029649071751133072
2000-01-01,test,0.009200466564655296
2000-02-01,test,-0.022826778197225908
2000-03-01,test,0.023977074737151837
2000-04-01,test,0.002108299879579105
2000-05-01,test,0.011355064388473123
2000-06-01,test,0.003955658830278457
2000-07-01,test,0.019754041964033665
2000-08-01,test,0.02075496529837274
2000-09-01,test,0.025493020832927454
2000-10-01,test,0.0037695125345399635
2000-11-01,test,0.02205664563137423
2000-12-01,test,0.039683867593976845
2001-01-01,test,-0.08151743289849976
2001-02-01,test,0.05469328314824554
2001-03-01,test,0.023101406876449567
2001-04-01,test,0.0018851852565143583
2001-05-01,test,0.01864958105245349
2001-06-01,test,0.0033480104921749716
2001-07-01,test,0.0251968345992368
2001-08-01,test,0.027343995643940147
2001-09-01,test,0.026217571537478727
2001-10-01,test,-0.03133314348181532
2001-11-01,test,-0.02634941218228794
2001-12-01,test,0.007246263982133511
2002-01-01,test,0.023281063775057058
2002-02-01,test,0.03598247072830174
2002-03-01,test,0.004049965900057945
2002-04-01,test,0.03749774459816269
2002-05-01,test,0.01326559266608857
2002-06-01,test,0.03625836921529541
2002-07-01,test,0.01796680827569962
2002-08-01,test,-0.0015398592061592277
2002-09-01,test,0.0068075235027592095
2002-10-01,test,-0.02213299577525488
2002-11-01,test,-0.0445253392922886
2002-12-01,test,0.031041641279123264
2003-01-01,test,-0.004676620176683412
2003-02-01,test,-0.0019222553580823369
2003-03-01,test,0.004654983481476988
2003-04-01,test,0.002440627703466853
2003-05-01,test,-0.006377004041748686
2003-06-01,test,-0.004967405177600065
2003-07-01,test,0.005605747389236378
2003-08-01,test,-0.006197939974891494
2003-09-01,test,0.010619615707649625
2003-10-01,test,0.013210092272563524
2003-11-01,test,0.006822726265776186
2003-12-01,test,0.014484290324596763
2004-01-01,test,0.015671405923497087
2004-02-01,test,0.013815150474016765
2004-03-01,test,0.0005550258656630742
2004-04-01,test,0.000855741879939831
2004-05-01,test,0.0011616209186403087
2004-06-01,test,0.013626907631674847
2004-07-01,test,0.007910654478271384
2004-08-01,test,0.008710477388470783
2004-09-01,test,0.016943791469631927
2004-10-01,test,0.0032307252833775287
2004-11-01,test,0.00894309792065082
2004-12-01,test,0.002545325408633399
2005-01-01,test,0.013050060542844357
2005-02-01,test,0.014238202798046714
2005-03-01,test,-0.0004957977694288166
2005-04-01,test,-0.0004714350796794172
2005-05-01,test,0.00028216090497232575
2005-06-01,test,0.00801310526630914
2005-07-01,test,0.0032816782710832788
2005-08-01,test,0.008439182165491771
2005-09-01,test,0.002557989019630053
2005-10-01,test,-0.002814074276264219
2005-11-01,test,0.013981445087696361
2005-12-01,test,0.0016587822757155063
2006-01-01,test,0.011355968666960143
2006-02-01,test,0.0058388129474753235
2006-03-01,test,0.007246040070911512
2006-04-01,test,-0.0007423957694988602
2006-05-01,test,-0.009006530416882588
2006-06-01,test,0.003909656344251737
2006-07-01,test,0.003956802423543576
2006-08-01,test,0.010060446382360196
2006-09-01,test,0.005495260927963333
2006-10-01,test,0.011001486296527245
2006-11-01,test,0.0033904205648957325
2006-12-01,test,0.013315452934058615
2007-01-01,test,0.0035395724703850837
2007-02-01,test,0.0053450792595087305
2007-03-01,test,0.00951247998507286
2007-04-01,test,0.01548406963232501
2007-05-01,test,0.017545052345604807
2007-06-01,test,-0.0034408909671930226
2007-07-01,test,-0.00683587995598754
2007-08-01,test,0.005410394682171486
2007-09-01,test,0.011987178153487812
2007-10-01,test,0.010512616333463063
2007-11-01,test,0.0029057738893087616
2007-12-01,test,0.010295665038841202
2008-01-01,test,-0.015169100741697434
2008-02-01,test,0.014232498509905761
2008-03-01,test,0.0073219561273564744
2008-04-01,test,0.011496042277301876
2008-05-01,test,0.007551795552562095
2008-06-01,test,-0.02017544417310612
2008-07-01,test,0.02894146865446928
2008-08-01,test,0.0067077312423411166
2008-09-01,test,0.004694127595276652
2008-10-01,test,-0.03871765292441611
2008-11-01,test,-0.007891014262894538
2008-12-01,test,0.01487669095267394
2009-01-01,test,-0.03306218832009926
2009-02-01,test,-0.0312428335219206
2009-03-01,test,-0.01055822426140651
2009-04-01,test,-0.034478515622248664
2009-05-01,test,0.00898836948369987
2009-06-01,test,0.002932055953374132
2009-07-01,test,0.00665881314722819
2009-08-01,test,-0.04062050363508292
2009-09-01,test,0.009207269734582552
2009-10-01,test,0.009078389994564033
2009-11-01,test,0.014302347652378745
2009-12-01,test,0.009286149708930998
2010-01-01,test,-0.012403088040585339
2010-02-01,test,0.007729478579594164
2010-03-01,test,-0.0016230579767638983
2010-04-01,test,-0.02079541353705227
2010-05-01,test,-0.00982271739802854
2010-06-01,test,0.002258941940646816
2010-07-01,test,0.00282464442853798
2010-08-01,test,0.0051412009251621425
2010-09-01,test,0.024391698816919487
2010-10-01,test,0.006769512284349151
2010-11-01,test,-7.955192259660163e-05
2010-12-01,test,0.0048255788096041785
2011-01-01,test,-0.00474705042591583
2011-02-01,test,-0.012838194515127466
2011-03-01,test,0.007863963563630057
2011-04-01,test,0.00602332862413404
2011-05-01,test,0.004778280452105084
2011-06-01,test,0.005154764634169634
2011-07-01,test,-0.006551218336939778
2011-08-01,test,0.007286120767091501
2011-09-01,test,0.0019458688846302695
2011-10-01,test,0.02149531347508541
2011-11-01,test,0.02229850288220047
2011-12-01,test,0.008590623411976424
2012-01-01,test,0.005372285903247928
2012-02-01,test,-0.0018898102246197855
2012-03-01,test,0.004079657750590874
2012-04-01,test,0.008052475689200872
2012-05-01,test,-0.0013889655245434393
2012-06-01,test,0.015775263238562105
2012-07-01,test,0.010784474239309174
2012-08-01,test,-0.0032776284515664885
2012-09-01,test,-0.0007002076284056322
2012-10-01,test,0.008684187898925097
2012-11-01,test,0.009311013552692579
2012-12-01,test,-0.001114775846610554
2013-01-01,test,0.007110711042277346
2013-02-01,test,0.007193219255329009
2013-03-01,test,0.0019459447324341364
2013-04-01,test,-8.653753817579683e-05
2013-05-01,test,-0.014184844773992877
2013-06-01,test,0.004144717946647284
2013-07-01,test,-0.007605468829141603
2013-08-01,test,-0.0037127309161779183
2013-09-01,test,0.003015060632112451
2013-10-01,test,0.005574964110871314
2013-11-01,test,0.012252531300868666
2013-12-01,test,-0.0013323743856104655
2014-01-01,test,-0.01643373629512365
2014-02-01,test,-0.00467360201330498
2014-03-01,test,0.006902569920693162
2014-04-01,test,0.0077495606190070634
2014-05-01,test,0.011431325498620633
2014-06-01,test,0.005197912481807449
2014-07-01,test,0.011546227478759441
2014-08-01,test,0.005602392920062714
2014-09-01,test,0.003609520593281256
2014-10-01,test,0.019503559295966894
2014-11-01,test,0.01620686560058171
2014-12-01,test,0.009128583199374473
2015-01-01,test,0.012770642631957027
2015-02-01,test,-0.002715942906017228
2015-03-01,test,0.014122677526345988
2015-04-01,test,-0.014437584562290318
2015-05-01,test,0.022443627642497913
2015-06-01,test,0.007468908661647035
2015-07-01,test,0.036082577425423666
2015-08-01,test,-0.004763877058221702
2015-09-01,test,0.014594075409178819
2015-10-01,test,0.00805274691630391
2015-11-01,test,0.01586336952081371
2015-12-01,test,0.0093218102483463
2016-01-01,test,0.02382434484780717
2016-02-01,test,-0.004688669138127522
2016-03-01,test,-0.01543531387981496
2016-04-01,test,-0.047025591436188785
2016-05-01,test,0.031198758773264137
2016-06-01,test,-0.005212135968502552
2016-07-01,test,-0.01359924714773949
2016-08-01,test,-0.005476060269277985
2016-09-01,test,-0.0035267952661607285
2016-10-01,test,0.010371039169502605
2016-11-01,test,-0.003154704752247239
2016-12-01,test,0.006041352924453576
