architecture,seed,stage,epoch,sub_epoch,loss,validation_loss,validation_raw_sharpe
Transformer,43,1,0,4,0.034773968160152435,0.05942416563630104,0.04229952914139391
Transformer,43,1,1,4,0.012985842302441597,0.011422359384596348,-0.19522462979440575
Transformer,43,1,2,4,0.019325707107782364,0.09789764881134033,-0.1924138877407456
Transformer,43,1,3,4,0.0030181999318301678,0.004814171232283115,-0.34197862027344833
Transformer,43,1,4,4,0.006424740422517061,0.02309795841574669,-0.04138956402980198
Transformer,43,1,5,4,0.0023529918398708105,0.003190375864505768,-0.230085289865325
Transformer,43,1,6,4,0.001821363577619195,0.01488767471164465,-0.2945080591121866
Transformer,43,1,7,4,0.0019086496904492378,0.005909969098865986,-0.3409526019036214
Transformer,43,1,8,4,0.0005824611289426684,0.005063565447926521,-0.16647379417548683
Transformer,43,1,9,4,0.0009672946180216968,0.0037349157501012087,-0.1990259520395155
Transformer,43,1,10,4,0.0003037446876987815,0.004060009028762579,-0.3237906328388966
Transformer,43,1,11,4,0.0006106887012720108,0.0035522249527275562,-0.3122516569628259
Transformer,43,1,12,4,0.0001924471725942567,0.0032659501302987337,-0.20824453745133
Transformer,43,1,13,4,0.0004668445617426187,0.003204637672752142,-0.2081970740634017
Transformer,43,1,14,4,0.00018269961583428085,0.0029965476132929325,-0.276094020833954
Transformer,43,1,15,4,0.00024744655820541084,0.0028609258588403463,-0.2596146320604889
Transformer,43,2,0,0,2.6330893888371065e-05,,
Transformer,43,2,1,0,4.044905654154718e-05,,
Transformer,43,2,2,0,4.5764725655317307e-05,,
Transformer,43,2,3,0,4.9657319323159754e-05,,
Transformer,43,2,0,1,5.146006151335314e-05,,
Transformer,43,2,1,1,6.469933578046039e-05,,
Transformer,43,2,2,1,7.109074795152992e-05,,
Transformer,43,2,3,1,7.678363181184977e-05,,
Transformer,43,2,0,2,9.048051288118586e-05,,
Transformer,43,2,1,2,0.00010185839346377179,,
Transformer,43,2,2,2,0.0001358927256660536,,
Transformer,43,2,3,2,0.00012203562801005319,,
Transformer,43,2,0,3,0.00016120138752739877,,
Transformer,43,2,1,3,0.00014259907766245306,,
Transformer,43,2,2,3,0.00018641633505467325,,
Transformer,43,2,3,3,0.00020411120203789324,,
Transformer,43,3,0,4,0.0018997736042365432,0.04125579074025154,-0.21793208357979593
Transformer,43,3,1,4,0.00010012605343945324,0.024926727637648582,-0.029394703094089356
Transformer,43,3,2,4,0.0008475862559862435,0.004656050819903612,-0.13032014651023735
Transformer,43,3,3,4,0.0010901348432525992,0.00886125024408102,-0.215382099217881
Transformer,43,3,4,4,0.00032526993891224265,0.0032771658152341843,-0.05041954204262578
Transformer,43,3,5,4,8.880043606040999e-05,0.0037484446074813604,-0.21837319815608747
Transformer,43,3,6,4,0.00021274042956065387,0.0019447783706709743,-0.19379133915230232
Transformer,43,3,7,4,0.0002286864328198135,0.0016825631028041244,-0.08509911389763555
Transformer,43,3,8,4,0.00012897918350063264,0.0024434297811239958,-0.18313086716089877
Transformer,43,3,9,4,6.366860179696232e-05,0.0015291700838133693,-0.09488821064751131
Transformer,43,3,10,4,9.540478640701622e-05,0.0015620955964550376,-0.10533571398113079
Transformer,43,3,11,4,8.934081415645778e-05,0.0017701339675113559,-0.11454839355919912
Transformer,43,3,12,4,0.00010316567932022735,0.0017873087199404836,-0.05919425717472374
Transformer,43,3,13,4,4.837328742723912e-05,0.0019582551904022694,-0.10107848256934011
Transformer,43,3,14,4,5.0131759053329006e-05,0.0018043542513623834,-0.07407316572108341
Transformer,43,3,15,4,4.4964726839680225e-05,0.0018305134726688266,-0.05562178157883308
Transformer,43,3,16,4,4.50064726464916e-05,0.0020090399775654078,-0.07274994084534094
Transformer,43,3,17,4,3.766062582144514e-05,0.0019477978348731995,-0.058269884788190875
Transformer,43,3,18,4,4.1667539335321635e-05,0.0019114385358989239,-0.04199293253305753
Transformer,43,3,19,4,3.94879789382685e-05,0.0019854584243148565,-0.051700465999995004
Transformer,43,3,20,4,4.242374052410014e-05,0.0019048460526391864,-0.030586898540222614
Transformer,43,3,21,4,3.8249276258284226e-05,0.0019389414228498936,-0.04150218290968657
Transformer,43,3,22,4,4.252374128554948e-05,0.0018933826358988881,-0.03528809258548209
Transformer,43,3,23,4,3.206868495908566e-05,0.0018244078382849693,-0.024206383759071283
Transformer,43,3,24,4,3.3333963074255735e-05,0.0019440747564658523,-0.035700694230828604
Transformer,43,3,25,4,4.4435069867176935e-05,0.0017708692466840148,-0.013809649641529025
Transformer,43,3,26,4,3.168264083797112e-05,0.0019203289411962032,-0.027953412179319303
Transformer,43,3,27,4,2.943285107903648e-05,0.0017542558489367366,-0.001008366765946195
Transformer,43,3,28,4,2.8540987841552123e-05,0.0019789731595665216,-0.02344241738020307
Transformer,43,3,29,4,2.7450047127786092e-05,0.0017679939046502113,0.005270370290416594
Transformer,43,3,30,4,2.6696901841205545e-05,0.0018769069574773312,-0.00911412496845213
Transformer,43,3,31,4,2.8957423637621105e-05,0.0017444910481572151,0.012452255146460707
Transformer,43,3,32,4,2.6548756068223156e-05,0.0017807544209063053,0.005344821362648591
Transformer,43,3,33,4,2.6325567887397483e-05,0.0018259910866618156,0.0030163677427677213
Transformer,43,3,34,4,3.221902443328872e-05,0.0017281698528677225,0.018127931306593313
Transformer,43,3,35,4,2.4151122488547117e-05,0.0017524954164400697,0.014486260109221598
Transformer,43,3,36,4,3.0185128707671538e-05,0.0017294776625931263,0.018309970994734893
Transformer,43,3,37,4,2.8500011467258446e-05,0.0017342030769214034,0.019549224320921214
Transformer,43,3,38,4,2.3181852156994864e-05,0.0017075788928195834,0.02448244876979625
Transformer,43,3,39,4,2.261485678900499e-05,0.0017072019400075078,0.026687519499798692
Transformer,43,3,40,4,2.330569077457767e-05,0.0017818291671574116,0.022202247522016046
Transformer,43,3,41,4,2.497801324352622e-05,0.00168805371504277,0.03506695099817239
Transformer,43,3,42,4,2.2576461560674943e-05,0.0016729874769225717,0.04094088039749025
Transformer,43,3,43,4,3.8483922253362834e-05,0.001783402869477868,0.03204864591903528
Transformer,43,3,44,4,1.7530537661514245e-05,0.0018613231368362904,0.029463856084547886
Transformer,43,3,45,4,1.836121009546332e-05,0.0016504436498507857,0.0626655908382793
Transformer,43,3,46,4,3.112641570623964e-05,0.002166957361623645,0.017834017255251477
Transformer,43,3,47,4,2.9473256290657446e-05,0.0016566980630159378,0.0642819005096783
